431856,khazana orange cotton dress materials,http://www.yebhi.com/online-shopping/women/dress-materials/sarees/salwar-kameez-set/kurta-kurtis/leggings-and-jeggings.html?affint=women-topmenu,2099,Traditional-Ethnic,sarees,khazana,http://im6.ybndc.com/upload/431856/ProductRear635225553612017499.jpg,2099,,Women,http://www.yebhi.com/431856/PD/khazana-orange-cotton-dress-materials.htm,yebhi.com,Khazana Orange Cotton - Dress Materials Buy Online,Khazana Orange Cotton - Dress Materials  Best Price Rs 2099.00  EMI Rs 350 for 6 months FREE Shipping In Stock - Delivery in 13-17 Days,None,<div class="product_detail_columns tinyscrl" itemprop="description" style=""><div class="scrollbar" style="width:2px; height:250px; background:#9E9E9E;"><div class="track" style="width:2px;"><div class="thumb" style="width:6px;"><div class="end"> </div></div></div></div><div class="viewport" style=" height:250px; width:252px; font-family:Arial !important;"><div class="overview" style="text-align:justify; display:block;"><div>khazana cotton unstitched suit with colourful embroidery </div></div></div> </div>,,16:04:2014,
431910,khazana green net sarees,http://www.yebhi.com/online-shopping/women/dress-materials/sarees/salwar-kameez-set/kurta-kurtis/leggings-and-jeggings.html?affint=women-topmenu,3099,Traditional-Ethnic,sarees,khazana,http://im6.ybndc.com/upload/431910/ProductRear635225553708738119.jpg,3099,,Women,http://www.yebhi.com/431910/PD/khazana-green-net-sarees.htm,yebhi.com,Khazana Green Net - Sarees Buy Online,Khazana Green Net - Sarees  Best Price Rs 3099.00  EMI Rs 517 for 6 months FREE Shipping In Stock - Delivery in 13-17 Days,None,<div class="product_detail_columns tinyscrl" itemprop="description" style=""><div class="scrollbar" style="width:2px; height:250px; background:#9E9E9E;"><div class="track" style="width:2px;"><div class="thumb" style="width:6px;"><div class="end"> </div></div></div></div><div class="viewport" style=" height:250px; width:252px; font-family:Arial !important;"><div class="overview" style="text-align:justify; display:block;"><div>Khazana blue &amp; brown net saree with unstitched blouse </div></div></div> </div>,,16:04:2014,
218015,khazana green georgette dress materials,http://www.yebhi.com/online-shopping/women/dress-materials/sarees/salwar-kameez-set/kurta-kurtis/leggings-and-jeggings.html?affint=women-topmenu,5649,Traditional-Ethnic,sarees,khazana,http://im6.ybndc.com/upload/218015/ProductRear634836563557350000.jpg,5649,,Women,http://www.yebhi.com/218015/PD/khazana-green-georgette-dress-materials.htm,yebhi.com,Khazana Green Georgette - Dress Materials Buy Online,Khazana Green Georgette - Dress Materials  Best Price Rs 5649.00  EMI Rs 942 for 6 months FREE Shipping In Stock - Delivery in 18-21 Days,None,<div class="product_detail_columns tinyscrl" itemprop="description" style=""><div class="scrollbar" style="width:2px; height:250px; background:#9E9E9E;"><div class="track" style="width:2px;"><div class="thumb" style="width:6px;"><div class="end"> </div></div></div></div><div class="viewport" style=" height:250px; width:252px; font-family:Arial !important;"><div class="overview" style="text-align:justify; display:block;"><div>Be a cynosure of all eyes by slipping into this designer suit dress material from the house of Khazana. The wonderful shirt pieces is shaded in green and blue colour and is beautifully done with red colour floral embroidery on its neckline and its bottom. The wonderful suit with lovely sleeves is sure to give you a sophisticated look.<b>Features</b>Colour : Blue  Green and Red Material : GeorgetteOccasion : Ethnic<b>  Wash &amp; Care</b>Gentle hand wash or machine wash recommended.<b>NOTE:</b>Delivery within 14 - 21 daysThis is a custom-made dress material.No Return. </div></div></div> </div>,,16:04:2014,
431857,khazana green cotton dress materials,http://www.yebhi.com/online-shopping/women/dress-materials/sarees/salwar-kameez-set/kurta-kurtis/leggings-and-jeggings.html?affint=women-topmenu,1599,Traditional-Ethnic,sarees,khazana,http://im6.ybndc.com/upload/431857/ProductRear635225553614045512.jpg,1599,,Women,http://www.yebhi.com/431857/PD/khazana-green-cotton-dress-materials.htm,yebhi.com,Khazana Green Cotton - Dress Materials Buy Online,Khazana Green Cotton - Dress Materials  Best Price Rs 1599.00  EMI Rs 267 for 6 months FREE Shipping In Stock - Delivery in 13-17 Days,None,<div class="product_detail_columns tinyscrl" itemprop="description" style=""><div class="scrollbar" style="width:2px; height:250px; background:#9E9E9E;"><div class="track" style="width:2px;"><div class="thumb" style="width:6px;"><div class="end"> </div></div></div></div><div class="viewport" style=" height:250px; width:252px; font-family:Arial !important;"><div class="overview" style="text-align:justify; display:block;"><div>khazana cotton unstitched suit with colourful embroidery </div></div></div> </div>,,16:04:2014,
431916,khazana purple sarees,http://www.yebhi.com/online-shopping/women/dress-materials/sarees/salwar-kameez-set/kurta-kurtis/leggings-and-jeggings.html?affint=women-topmenu,1249,Traditional-Ethnic,sarees,khazana,http://im6.ybndc.com/upload/431916/ProductRear635225553719190186.jpg,1249,,Women,http://www.yebhi.com/431916/PD/khazana-purple-sarees.htm,yebhi.com,Khazana Purple - Sarees Buy Online,Khazana Purple - Sarees  Best Price Rs 1249.00  EMI Rs 208 for 6 months FREE Shipping In Stock - Delivery in 13-17 Days,None,<div class="product_detail_columns tinyscrl" itemprop="description" style=""><div class="scrollbar" style="width:2px; height:250px; background:#9E9E9E;"><div class="track" style="width:2px;"><div class="thumb" style="width:6px;"><div class="end"> </div></div></div></div><div class="viewport" style=" height:250px; width:252px; font-family:Arial !important;"><div class="overview" style="text-align:justify; display:block;"><div>Khazana purple faux georgette saree with unstitched blouse </div></div></div> </div>,,16:04:2014,
431855,khazana green cotton dress materials,http://www.yebhi.com/online-shopping/women/dress-materials/sarees/salwar-kameez-set/kurta-kurtis/leggings-and-jeggings.html?affint=women-topmenu,2099,Traditional-Ethnic,sarees,khazana,http://im6.ybndc.com/upload/431855/ProductRear635225553609989486.jpg,2099,,Women,http://www.yebhi.com/431855/PD/khazana-green-cotton-dress-materials.htm,yebhi.com,Khazana Green Cotton - Dress Materials Buy Online,Khazana Green Cotton - Dress Materials  Best Price Rs 2099.00  EMI Rs 350 for 6 months FREE Shipping In Stock - Delivery in 13-17 Days,None,<div class="product_detail_columns tinyscrl" itemprop="description" style=""><div class="scrollbar" style="width:2px; height:250px; background:#9E9E9E;"><div class="track" style="width:2px;"><div class="thumb" style="width:6px;"><div class="end"> </div></div></div></div><div class="viewport" style=" height:250px; width:252px; font-family:Arial !important;"><div class="overview" style="text-align:justify; display:block;"><div>khazana cotton unstitched suit with colourful embroidery </div></div></div> </div>,,16:04:2014,
431921,khazana purple net sarees,http://www.yebhi.com/online-shopping/women/dress-materials/sarees/salwar-kameez-set/kurta-kurtis/leggings-and-jeggings.html?affint=women-topmenu,3099,Traditional-Ethnic,sarees,khazana,http://im6.ybndc.com/upload/431921/ProductRear635225553726834235.jpg,3099,,Women,http://www.yebhi.com/431921/PD/khazana-purple-net-sarees.htm,yebhi.com,Khazana Purple Net - Sarees Buy Online,Khazana Purple Net - Sarees  Best Price Rs 3099.00  EMI Rs 517 for 6 months FREE Shipping In Stock - Delivery in 13-17 Days,None,<div class="product_detail_columns tinyscrl" itemprop="description" style=""><div class="scrollbar" style="width:2px; height:250px; background:#9E9E9E;"><div class="track" style="width:2px;"><div class="thumb" style="width:6px;"><div class="end"> </div></div></div></div><div class="viewport" style=" height:250px; width:252px; font-family:Arial !important;"><div class="overview" style="text-align:justify; display:block;"><div>Khazana purple net saree with unstitched blouse </div></div></div> </div>,,16:04:2014,
258082,khazana black net sarees,http://www.yebhi.com/online-shopping/women/dress-materials/sarees/salwar-kameez-set/kurta-kurtis/leggings-and-jeggings.html?affint=women-topmenu,8299,Traditional-Ethnic,sarees,khazana,http://im6.ybndc.com/upload/258082/ProductRear634905822978437339.jpg,8299,,Women,http://www.yebhi.com/258082/PD/khazana-black-net-sarees.htm,yebhi.com,Khazana Black Net - Sarees Buy Online,Khazana Black Net - Sarees  Best Price Rs 8299.00  EMI Rs 1383 for 6 months FREE Shipping in 2 Days,None,<div class="product_detail_columns tinyscrl" itemprop="description" style=""><div class="scrollbar" style="width:2px; height:250px; background:#9E9E9E;"><div class="track" style="width:2px;"><div class="thumb" style="width:6px;"><div class="end"> </div></div></div></div><div class="viewport" style=" height:250px; width:252px; font-family:Arial !important;"><div class="overview" style="text-align:justify; display:block;"><div>This exclusive designer saree from the rich collection of Khazana is unique  glamorous and absolutely awe-inspiring. The saree on a black base is alternatively done with rich work in different patterns all over it. Each broad strip is demarcated with a golden lining in between. Do not wait anymore and just bring this unique ethnic wear to your wardrobe quickly.<b>Features</b>Colour : BlackMaterial : NetOccasion : Ethnic<b>  Wash &amp; Care</b>Dry Clean recommended.<b>NOTE:</b>Delivery within 14 - 21 daysThis is a custom-made saree.No Return. </div></div></div> </div>,,16:04:2014,
431848,khazana purple cotton dress materials,http://www.yebhi.com/online-shopping/women/dress-materials/sarees/salwar-kameez-set/kurta-kurtis/leggings-and-jeggings.html?affint=women-topmenu,2099,Traditional-Ethnic,sarees,khazana,http://im6.ybndc.com/upload/431848/ProductRear635225553597353405.jpg,2099,,Women,http://www.yebhi.com/431848/PD/khazana-purple-cotton-dress-materials.htm,yebhi.com,Khazana Purple Cotton - Dress Materials Buy Online,Khazana Purple Cotton - Dress Materials  Best Price Rs 2099.00  EMI Rs 350 for 6 months FREE Shipping In Stock - Delivery in 13-17 Days,None,<div class="product_detail_columns tinyscrl" itemprop="description" style=""><div class="scrollbar" style="width:2px; height:250px; background:#9E9E9E;"><div class="track" style="width:2px;"><div class="thumb" style="width:6px;"><div class="end"> </div></div></div></div><div class="viewport" style=" height:250px; width:252px; font-family:Arial !important;"><div class="overview" style="text-align:justify; display:block;"><div>khazana cotton unstitched suit with colourful embroidery </div></div></div> </div>,,16:04:2014,
221042,khazana red net sarees,http://www.yebhi.com/online-shopping/women/dress-materials/sarees/salwar-kameez-set/kurta-kurtis/leggings-and-jeggings.html?affint=women-topmenu,24899,Traditional-Ethnic,sarees,khazana,http://im6.ybndc.com/upload/221042/ProductRear634840887852973671.jpg,24899,,Women,http://www.yebhi.com/221042/PD/khazana-red-net-sarees.htm,yebhi.com,Khazana Red Net - Sarees Buy Online,Khazana Red Net - Sarees  Best Price Rs 24899.00  EMI Rs 4150 for 6 months FREE Shipping In Stock - Delivery in 18-21 Days,None,<div class="product_detail_columns tinyscrl" itemprop="description" style=""><div class="scrollbar" style="width:2px; height:250px; background:#9E9E9E;"><div class="track" style="width:2px;"><div class="thumb" style="width:6px;"><div class="end"> </div></div></div></div><div class="viewport" style=" height:250px; width:252px; font-family:Arial !important;"><div class="overview" style="text-align:justify; display:block;"><div>Any social function coming up and still confused what to wear? Simply don this pretty <b>lehanga saree from Khazana</b> and astonish everybody with your looks. In a stunning combination of <b>red and silver</b>  it has <b>embroidered work</b> in patches.<br/><br/><b>Features</b><ul style="margin-left: 20px;"><li type="disc">Type: Lehenga Saree</li><li type="disc">Fabric: Net</li><li type="disc">Colour: Red  Silver</li><li type="disc">Style: Embroidered saree</li><li type="disc">Border: All sides</li><li type="disc">Pallu: Contrast coloured net pallu<br/><br/></li></ul><b>Care Tip</b><br/>  Dry Clean Only<br/><br/><b>Note:</b> There may be a slight colour variation in the image from original product. </div></div></div> </div>,,16:04:2014,
431909,khazana blue net sarees,http://www.yebhi.com/online-shopping/women/dress-materials/sarees/salwar-kameez-set/kurta-kurtis/leggings-and-jeggings.html?affint=women-topmenu,3099,Traditional-Ethnic,sarees,khazana,http://im6.ybndc.com/upload/431909/ProductRear635225553707022108.jpg,3099,,Women,http://www.yebhi.com/431909/PD/khazana-blue-net-sarees.htm,yebhi.com,Khazana Blue Net - Sarees Buy Online,Khazana Blue Net - Sarees  Best Price Rs 3099.00  EMI Rs 517 for 6 months FREE Shipping In Stock - Delivery in 13-17 Days,None,<div class="product_detail_columns tinyscrl" itemprop="description" style=""><div class="scrollbar" style="width:2px; height:250px; background:#9E9E9E;"><div class="track" style="width:2px;"><div class="thumb" style="width:6px;"><div class="end"> </div></div></div></div><div class="viewport" style=" height:250px; width:252px; font-family:Arial !important;"><div class="overview" style="text-align:justify; display:block;"><div>Khazana purple net saree with unstitched blouse </div></div></div> </div>,,16:04:2014,
431927,khazana blue net sarees,http://www.yebhi.com/online-shopping/women/dress-materials/sarees/salwar-kameez-set/kurta-kurtis/leggings-and-jeggings.html?affint=women-topmenu,3099,Traditional-Ethnic,sarees,khazana,http://im6.ybndc.com/upload/431927/ProductRear635225553737598304.jpg,3099,,Women,http://www.yebhi.com/431927/PD/khazana-blue-net-sarees.htm,yebhi.com,Khazana Blue Net - Sarees Buy Online,Khazana Blue Net - Sarees  Best Price Rs 3099.00  EMI Rs 517 for 6 months FREE Shipping In Stock - Delivery in 13-17 Days,None,<div class="product_detail_columns tinyscrl" itemprop="description" style=""><div class="scrollbar" style="width:2px; height:250px; background:#9E9E9E;"><div class="track" style="width:2px;"><div class="thumb" style="width:6px;"><div class="end"> </div></div></div></div><div class="viewport" style=" height:250px; width:252px; font-family:Arial !important;"><div class="overview" style="text-align:justify; display:block;"><div>Khazana purple net saree with unstitched blouse </div></div></div> </div>,,16:04:2014,
431913,khazana pink sarees,http://www.yebhi.com/online-shopping/women/dress-materials/sarees/salwar-kameez-set/kurta-kurtis/leggings-and-jeggings.html?affint=women-topmenu,3099,Traditional-Ethnic,sarees,khazana,http://im6.ybndc.com/upload/431913/ProductRear635225553714042153.jpg,3099,,Women,http://www.yebhi.com/431913/PD/khazana-pink-sarees.htm,yebhi.com,Khazana Pink - Sarees Buy Online,Khazana Pink - Sarees  Best Price Rs 3099.00  EMI Rs 517 for 6 months FREE Shipping In Stock - Delivery in 13-17 Days,None,<div class="product_detail_columns tinyscrl" itemprop="description" style=""><div class="scrollbar" style="width:2px; height:250px; background:#9E9E9E;"><div class="track" style="width:2px;"><div class="thumb" style="width:6px;"><div class="end"> </div></div></div></div><div class="viewport" style=" height:250px; width:252px; font-family:Arial !important;"><div class="overview" style="text-align:justify; display:block;"><div>Khazana peach faux georgette saree with unstitched blouse </div></div></div> </div>,,16:04:2014,
431911,khazana purple net sarees,http://www.yebhi.com/online-shopping/women/dress-materials/sarees/salwar-kameez-set/kurta-kurtis/leggings-and-jeggings.html?affint=women-topmenu,3099,Traditional-Ethnic,sarees,khazana,http://im6.ybndc.com/upload/431911/ProductRear635225553710454130.jpg,3099,,Women,http://www.yebhi.com/431911/PD/khazana-purple-net-sarees.htm,yebhi.com,Khazana Purple Net - Sarees Buy Online,Khazana Purple Net - Sarees  Best Price Rs 3099.00  EMI Rs 517 for 6 months FREE Shipping In Stock - Delivery in 13-17 Days,None,<div class="product_detail_columns tinyscrl" itemprop="description" style=""><div class="scrollbar" style="width:2px; height:250px; background:#9E9E9E;"><div class="track" style="width:2px;"><div class="thumb" style="width:6px;"><div class="end"> </div></div></div></div><div class="viewport" style=" height:250px; width:252px; font-family:Arial !important;"><div class="overview" style="text-align:justify; display:block;"><div>Khazana purple net saree with unstitched blouse </div></div></div> </div>,,16:04:2014,
431834,khazana purple cotton dress materials,http://www.yebhi.com/online-shopping/women/dress-materials/sarees/salwar-kameez-set/kurta-kurtis/leggings-and-jeggings.html?affint=women-topmenu,949,Traditional-Ethnic,sarees,khazana,http://im6.ybndc.com/upload/431834/ProductRear635225553571457239.jpg,949,,Women,http://www.yebhi.com/431834/PD/khazana-purple-cotton-dress-materials.htm,yebhi.com,Khazana Purple Cotton - Dress Materials Buy Online,Khazana Purple Cotton - Dress Materials  Best Price Rs 949.00  EMI Rs 158 for 6 months FREE Shipping In Stock - Delivery in 13-17 Days,None,<div class="product_detail_columns tinyscrl" itemprop="description" style=""><div class="scrollbar" style="width:2px; height:250px; background:#9E9E9E;"><div class="track" style="width:2px;"><div class="thumb" style="width:6px;"><div class="end"> </div></div></div></div><div class="viewport" style=" height:250px; width:252px; font-family:Arial !important;"><div class="overview" style="text-align:justify; display:block;"><div>khazana cotton unstitched suit with colourful embroidery </div></div></div> </div>,,16:04:2014,
431849,khazana green cotton dress materials,http://www.yebhi.com/online-shopping/women/dress-materials/sarees/salwar-kameez-set/kurta-kurtis/leggings-and-jeggings.html?affint=women-topmenu,2099,Traditional-Ethnic,sarees,khazana,http://im6.ybndc.com/upload/431849/ProductRear635225553599069416.jpg,2099,,Women,http://www.yebhi.com/431849/PD/khazana-green-cotton-dress-materials.htm,yebhi.com,Khazana Green Cotton - Dress Materials Buy Online,Khazana Green Cotton - Dress Materials  Best Price Rs 2099.00  EMI Rs 350 for 6 months FREE Shipping In Stock - Delivery in 13-17 Days,None,<div class="product_detail_columns tinyscrl" itemprop="description" style=""><div class="scrollbar" style="width:2px; height:250px; background:#9E9E9E;"><div class="track" style="width:2px;"><div class="thumb" style="width:6px;"><div class="end"> </div></div></div></div><div class="viewport" style=" height:250px; width:252px; font-family:Arial !important;"><div class="overview" style="text-align:justify; display:block;"><div>khazana cotton unstitched suit with colourful embroidery </div></div></div> </div>,,16:04:2014,
431926,khazana pink net sarees,http://www.yebhi.com/online-shopping/women/dress-materials/sarees/salwar-kameez-set/kurta-kurtis/leggings-and-jeggings.html?affint=women-topmenu,3099,Traditional-Ethnic,sarees,khazana,http://im6.ybndc.com/upload/431926/ProductRear635225553735882293.jpg,3099,,Women,http://www.yebhi.com/431926/PD/khazana-pink-net-sarees.htm,yebhi.com,Khazana Pink Net - Sarees Buy Online,Khazana Pink Net - Sarees  Best Price Rs 3099.00  EMI Rs 517 for 6 months FREE Shipping In Stock - Delivery in 13-17 Days,None,<div class="product_detail_columns tinyscrl" itemprop="description" style=""><div class="scrollbar" style="width:2px; height:250px; background:#9E9E9E;"><div class="track" style="width:2px;"><div class="thumb" style="width:6px;"><div class="end"> </div></div></div></div><div class="viewport" style=" height:250px; width:252px; font-family:Arial !important;"><div class="overview" style="text-align:justify; display:block;"><div>Khazana red net saree with unstitched blouse </div></div></div> </div>,,16:04:2014,
431924,khazana black net sarees,http://www.yebhi.com/online-shopping/women/dress-materials/sarees/salwar-kameez-set/kurta-kurtis/leggings-and-jeggings.html?affint=women-topmenu,3099,Traditional-Ethnic,sarees,khazana,http://im6.ybndc.com/upload/431924/ProductRear635225553732606272.jpg,3099,,Women,http://www.yebhi.com/431924/PD/khazana-black-net-sarees.htm,yebhi.com,Khazana Black Net - Sarees Buy Online,Khazana Black Net - Sarees  Best Price Rs 3099.00  EMI Rs 517 for 6 months FREE Shipping In Stock - Delivery in 13-17 Days,None,<div class="product_detail_columns tinyscrl" itemprop="description" style=""><div class="scrollbar" style="width:2px; height:250px; background:#9E9E9E;"><div class="track" style="width:2px;"><div class="thumb" style="width:6px;"><div class="end"> </div></div></div></div><div class="viewport" style=" height:250px; width:252px; font-family:Arial !important;"><div class="overview" style="text-align:justify; display:block;"><div>Khazana black net saree with unstitched blouse </div></div></div> </div>,,16:04:2014,
431922,khazana red net sarees,http://www.yebhi.com/online-shopping/women/dress-materials/sarees/salwar-kameez-set/kurta-kurtis/leggings-and-jeggings.html?affint=women-topmenu,3099,Traditional-Ethnic,sarees,khazana,http://im6.ybndc.com/upload/431922/ProductRear635225553728862248.jpg,3099,,Women,http://www.yebhi.com/431922/PD/khazana-red-net-sarees.htm,yebhi.com,Khazana Red Net - Sarees Buy Online,Khazana Red Net - Sarees  Best Price Rs 3099.00  EMI Rs 517 for 6 months FREE Shipping In Stock - Delivery in 13-17 Days,None,<div class="product_detail_columns tinyscrl" itemprop="description" style=""><div class="scrollbar" style="width:2px; height:250px; background:#9E9E9E;"><div class="track" style="width:2px;"><div class="thumb" style="width:6px;"><div class="end"> </div></div></div></div><div class="viewport" style=" height:250px; width:252px; font-family:Arial !important;"><div class="overview" style="text-align:justify; display:block;"><div>Khazana red net saree with unstitched blouse </div></div></div> </div>,,16:04:2014,
431863,khazana brown cotton dress materials,http://www.yebhi.com/online-shopping/women/dress-materials/sarees/salwar-kameez-set/kurta-kurtis/leggings-and-jeggings.html?affint=women-topmenu,1599,Traditional-Ethnic,sarees,khazana,http://im6.ybndc.com/upload/431863/ProductRear635225553624965582.jpg,1599,,Women,http://www.yebhi.com/431863/PD/khazana-brown-cotton-dress-materials.htm,yebhi.com,Khazana Brown Cotton - Dress Materials Buy Online,Khazana Brown Cotton - Dress Materials  Best Price Rs 1599.00  EMI Rs 267 for 6 months FREE Shipping In Stock - Delivery in 13-17 Days,None,<div class="product_detail_columns tinyscrl" itemprop="description" style=""><div class="scrollbar" style="width:2px; height:250px; background:#9E9E9E;"><div class="track" style="width:2px;"><div class="thumb" style="width:6px;"><div class="end"> </div></div></div></div><div class="viewport" style=" height:250px; width:252px; font-family:Arial !important;"><div class="overview" style="text-align:justify; display:block;"><div>khazana cotton unstitched suit with colourful embroidery </div></div></div> </div>,,16:04:2014,
431912,khazana purple sarees,http://www.yebhi.com/online-shopping/women/dress-materials/sarees/salwar-kameez-set/kurta-kurtis/leggings-and-jeggings.html?affint=women-topmenu,3099,Traditional-Ethnic,sarees,khazana,http://im6.ybndc.com/upload/431912/ProductRear635225553712326142.jpg,3099,,Women,http://www.yebhi.com/431912/PD/khazana-purple-sarees.htm,yebhi.com,Khazana Purple - Sarees Buy Online,Khazana Purple - Sarees  Best Price Rs 3099.00  EMI Rs 517 for 6 months FREE Shipping In Stock - Delivery in 13-17 Days,None,<div class="product_detail_columns tinyscrl" itemprop="description" style=""><div class="scrollbar" style="width:2px; height:250px; background:#9E9E9E;"><div class="track" style="width:2px;"><div class="thumb" style="width:6px;"><div class="end"> </div></div></div></div><div class="viewport" style=" height:250px; width:252px; font-family:Arial !important;"><div class="overview" style="text-align:justify; display:block;"><div>Khazana purple faux georgette saree with unstitched blouse </div></div></div> </div>,,16:04:2014,
232038,khazana purple cotton blend women sarees,http://www.yebhi.com/online-shopping/women/dress-materials/sarees/salwar-kameez-set/kurta-kurtis/leggings-and-jeggings.html?affint=women-topmenu,2749,Traditional-Ethnic,sarees,khazana,http://im6.ybndc.com/upload/232038/ProductRear634857389742195884.jpg,2749,,Women,http://www.yebhi.com/232038/PD/khazana-purple-cotton-blend-women-sarees.htm,yebhi.com,Khazana Purple Cotton Blend Women - Sarees Buy Online,Khazana Purple Cotton Blend Women - Sarees  Best Price Rs 2749.00  EMI Rs 458 for 6 months FREE Shipping In Stock - Delivery in 18-21 Days,None,<div class="product_detail_columns tinyscrl" itemprop="description" style=""><div class="scrollbar" style="width:2px; height:250px; background:#9E9E9E;"><div class="track" style="width:2px;"><div class="thumb" style="width:6px;"><div class="end"> </div></div></div></div><div class="viewport" style=" height:250px; width:252px; font-family:Arial !important;"><div class="overview" style="text-align:justify; display:block;"><div>Adorn yourself in this pretty saree in <b>purple and green colour</b> that is <b>crafted from cotton blend fabric.</b> With <b>paisley embroidered detailing on the border </b> this saree comes from <b>Khazana. </b><br/><br/><b>Features</b><ul style="margin-left: 20px;"><li type="disc"><b>Brand:</b> Khazana</li><li type="disc"><b>Category:</b>  Traditional and Ethnic Wear</li><li type="disc"><b>Type:</b> Sarees</li><li type="disc"><b>Fabric:</b>Georgette</li><li type="disc"><b>Colour:</b>Purple  Green</li><li type="disc"><b>Saree Length (in mts.):</b> 5.4</li><li type="disc"><b>Blouse Length (in mts.):</b> 0.80</li></ul><br/><b>Wash &amp; Care</b><br>Wash it with a mild detergent.<br> If washing in a machine  set it on a delicate mode and low temperature cycle.<br> Wash dark colours separately and  use iron at low temperature.<br><br/><b>Note:</b> There may be a slight colour variation in the image from original product.  </br></br></br></br></div></div></div> </div>,,16:04:2014,
258079,khazana blue net sarees,http://www.yebhi.com/online-shopping/women/dress-materials/sarees/salwar-kameez-set/kurta-kurtis/leggings-and-jeggings.html?affint=women-topmenu,6949,Traditional-Ethnic,sarees,khazana,http://im6.ybndc.com/upload/258079/ProductRear634905822620727046.jpg,6949,,Women,http://www.yebhi.com/258079/PD/khazana-blue-net-sarees.htm,yebhi.com,Khazana Blue Net - Sarees Buy Online,Khazana Blue Net - Sarees  Best Price Rs 6949.00  EMI Rs 1158 for 6 months FREE Shipping in 2 Days,None,<div class="product_detail_columns tinyscrl" itemprop="description" style=""><div class="scrollbar" style="width:2px; height:250px; background:#9E9E9E;"><div class="track" style="width:2px;"><div class="thumb" style="width:6px;"><div class="end"> </div></div></div></div><div class="viewport" style=" height:250px; width:252px; font-family:Arial !important;"><div class="overview" style="text-align:justify; display:block;"><div>Get the look of a blushing bride and drape yourself in this saree from Khazana Sarees. It is one of the finest make from the brand  featuring the best design and layout. The colour combination of beige  blue  brown and red also is a perfect condiment of a traditional touch to this saree. Moreover  the net material is also awesome  which adds to the flow of the saree. Hence  an ideal ethnic wear to opt for on special occasion. <br><br><b>Features</b><br>Colour: Beige   Blue   Brown   Red <br>Material: Net<br>Occasion: Bridal  Ethnic<br>Design: Embroidery <br/><b> Wash and Care</b><br> Dry Clean<br/><b>NOTE:</b><br>Delivery within 15 - 21 days<br>This is a custom-made saree. <br>No Return<br> </br></br></br></br></br></br></br></br></br></br></br></div></div></div> </div>,,16:04:2014,
264718,khazana black georgette dress materials,http://www.yebhi.com/online-shopping/women/dress-materials/sarees/salwar-kameez-set/kurta-kurtis/leggings-and-jeggings.html?affint=women-topmenu,4499,Traditional-Ethnic,sarees,khazana,http://im6.ybndc.com/upload/264718/ProductRear634951415511814000.jpg,4499,,Women,http://www.yebhi.com/264718/PD/khazana-black-georgette-dress-materials.htm,yebhi.com,Khazana Black Georgette - Dress Materials Buy Online,Khazana Black Georgette - Dress Materials  Best Price Rs 4499.00  EMI Rs 750 for 6 months FREE Shipping In Stock - Delivery in 13-17 Days,None,<div class="product_detail_columns tinyscrl" itemprop="description" style=""><div class="scrollbar" style="width:2px; height:250px; background:#9E9E9E;"><div class="track" style="width:2px;"><div class="thumb" style="width:6px;"><div class="end"> </div></div></div></div><div class="viewport" style=" height:250px; width:252px; font-family:Arial !important;"><div class="overview" style="text-align:justify; display:block;"><div>Uplift the grace of your extraordinary personality as you get for yourself this Khazana dress material. In classic <b>black colour</b>   the dress material has <b>a heavily embroidered neck  sleeves  hem and dupatta.</b> Club this suit with a pretty pair of danglers to get that stunning look.<br><br><b>Features</b><br><ul 20px;"" margin-left: style=""><li disc"" type="">Type: Unstitched Dress Material<li disc"" type="">Fabric: Georgette<li disc"" type="">Design: Embroidered<li disc"" type="">Occasion: Party Wear<li disc"" type="">Colour: Black<li disc"" type="">Length of Kameez: 2.5 m<li disc"" type="">Length of Salwar: 2.5 m<li disc"" type="">Length of Dupatta: 2.25 m<li disc"" type="">Sleeves style: Embroidered<li disc"" type="">Work on Salwar: Plain<li disc"" type="">Dupatta style: Embroidered</li></li></li></li></li></li></li></li></li></li></li></ul><b><br><br>Wash &amp; Care</br></br></b><br>Dry Clean Only<br><br><b>Note:</b> There may be a slight colour variation in the image from original product. </br></br></br></br></br></br></div></div></div> </div>,,16:04:2014,
431985,khazana red sarees,http://www.yebhi.com/online-shopping/women/dress-materials/sarees/salwar-kameez-set/kurta-kurtis/leggings-and-jeggings.html?affint=women-topmenu,3249,Traditional-Ethnic,sarees,khazana,http://im6.ybndc.com/upload/431985/ProductRear635225553841026967.jpg,3249,,Women,http://www.yebhi.com/431985/PD/khazana-red-sarees.htm,yebhi.com,Khazana Red - Sarees Buy Online,Khazana Red - Sarees  Best Price Rs 3249.00  EMI Rs 542 for 6 months FREE Shipping in 2 Days,None,<div class="product_detail_columns tinyscrl" itemprop="description" style=""><div class="scrollbar" style="width:2px; height:250px; background:#9E9E9E;"><div class="track" style="width:2px;"><div class="thumb" style="width:6px;"><div class="end"> </div></div></div></div><div class="viewport" style=" height:250px; width:252px; font-family:Arial !important;"><div class="overview" style="text-align:justify; display:block;"><div>Designer Saree Approx Size Total : 6.30 mtrs  Saree: 5.5 mtrs  Unstitched blouse: 0.8 mtrs </div></div></div> </div>,,16:04:2014,
431819,khazana red cotton dress materials,http://www.yebhi.com/online-shopping/women/dress-materials/sarees/salwar-kameez-set/kurta-kurtis/leggings-and-jeggings.html?affint=women-topmenu,1199,Traditional-Ethnic,sarees,khazana,http://im6.ybndc.com/upload/431819/ProductRear635225553540569041.jpg,1199,,Women,http://www.yebhi.com/431819/PD/khazana-red-cotton-dress-materials.htm,yebhi.com,Khazana Red Cotton - Dress Materials Buy Online,Khazana Red Cotton - Dress Materials  Best Price Rs 1199.00  EMI Rs 200 for 6 months FREE Shipping In Stock - Delivery in 13-17 Days,None,<div class="product_detail_columns tinyscrl" itemprop="description" style=""><div class="scrollbar" style="width:2px; height:250px; background:#9E9E9E;"><div class="track" style="width:2px;"><div class="thumb" style="width:6px;"><div class="end"> </div></div></div></div><div class="viewport" style=" height:250px; width:252px; font-family:Arial !important;"><div class="overview" style="text-align:justify; display:block;"><div>khazana cotton unstitched suit with colourful embroidery </div></div></div> </div>,,16:04:2014,
431914,khazana black sarees,http://www.yebhi.com/online-shopping/women/dress-materials/sarees/salwar-kameez-set/kurta-kurtis/leggings-and-jeggings.html?affint=women-topmenu,1249,Traditional-Ethnic,sarees,khazana,http://im6.ybndc.com/upload/431914/ProductRear635225553715602163.jpg,1249,,Women,http://www.yebhi.com/431914/PD/khazana-black-sarees.htm,yebhi.com,Khazana Black - Sarees Buy Online,Khazana Black - Sarees  Best Price Rs 1249.00  EMI Rs 208 for 6 months FREE Shipping In Stock - Delivery in 13-17 Days,None,<div class="product_detail_columns tinyscrl" itemprop="description" style=""><div class="scrollbar" style="width:2px; height:250px; background:#9E9E9E;"><div class="track" style="width:2px;"><div class="thumb" style="width:6px;"><div class="end"> </div></div></div></div><div class="viewport" style=" height:250px; width:252px; font-family:Arial !important;"><div class="overview" style="text-align:justify; display:block;"><div>Khazana black faux georgette saree with unstitched blouse </div></div></div> </div>,,16:04:2014,
431872,khazana pink cotton dress materials,http://www.yebhi.com/online-shopping/women/dress-materials/sarees/salwar-kameez-set/kurta-kurtis/leggings-and-jeggings.html?affint=women-topmenu,1599,Traditional-Ethnic,sarees,khazana,http://im6.ybndc.com/upload/431872/ProductRear635225553641033685.jpg,1599,,Women,http://www.yebhi.com/431872/PD/khazana-pink-cotton-dress-materials.htm,yebhi.com,Khazana Pink Cotton - Dress Materials Buy Online,Khazana Pink Cotton - Dress Materials  Best Price Rs 1599.00  EMI Rs 267 for 6 months FREE Shipping In Stock - Delivery in 13-17 Days,None,<div class="product_detail_columns tinyscrl" itemprop="description" style=""><div class="scrollbar" style="width:2px; height:250px; background:#9E9E9E;"><div class="track" style="width:2px;"><div class="thumb" style="width:6px;"><div class="end"> </div></div></div></div><div class="viewport" style=" height:250px; width:252px; font-family:Arial !important;"><div class="overview" style="text-align:justify; display:block;"><div>khazana cotton unstitched suit with colourful embroidery </div></div></div> </div>,,16:04:2014,
431824,khazana white cotton dress materials,http://www.yebhi.com/online-shopping/women/dress-materials/sarees/salwar-kameez-set/kurta-kurtis/leggings-and-jeggings.html?affint=women-topmenu,1199,Traditional-Ethnic,sarees,khazana,http://im6.ybndc.com/upload/431824/ProductRear635225553551333110.jpg,1199,,Women,http://www.yebhi.com/431824/PD/khazana-white-cotton-dress-materials.htm,yebhi.com,Khazana White Cotton - Dress Materials Buy Online,Khazana White Cotton - Dress Materials  Best Price Rs 1199.00  EMI Rs 200 for 6 months FREE Shipping In Stock - Delivery in 13-17 Days,None,<div class="product_detail_columns tinyscrl" itemprop="description" style=""><div class="scrollbar" style="width:2px; height:250px; background:#9E9E9E;"><div class="track" style="width:2px;"><div class="thumb" style="width:6px;"><div class="end"> </div></div></div></div><div class="viewport" style=" height:250px; width:252px; font-family:Arial !important;"><div class="overview" style="text-align:justify; display:block;"><div>khazana cotton unstitched suit with colourful embroidery </div></div></div> </div>,,16:04:2014,
431858,khazana black cotton dress materials,http://www.yebhi.com/online-shopping/women/dress-materials/sarees/salwar-kameez-set/kurta-kurtis/leggings-and-jeggings.html?affint=women-topmenu,1599,Traditional-Ethnic,sarees,khazana,http://im6.ybndc.com/upload/431858/ProductRear635225553616229526.jpg,1599,,Women,http://www.yebhi.com/431858/PD/khazana-black-cotton-dress-materials.htm,yebhi.com,Khazana Black Cotton - Dress Materials Buy Online,Khazana Black Cotton - Dress Materials  Best Price Rs 1599.00  EMI Rs 267 for 6 months FREE Shipping In Stock - Delivery in 13-17 Days,None,<div class="product_detail_columns tinyscrl" itemprop="description" style=""><div class="scrollbar" style="width:2px; height:250px; background:#9E9E9E;"><div class="track" style="width:2px;"><div class="thumb" style="width:6px;"><div class="end"> </div></div></div></div><div class="viewport" style=" height:250px; width:252px; font-family:Arial !important;"><div class="overview" style="text-align:justify; display:block;"><div>khazana cotton unstitched suit with colourful embroidery </div></div></div> </div>,,16:04:2014,
431837,khazana purple cotton dress materials,http://www.yebhi.com/online-shopping/women/dress-materials/sarees/salwar-kameez-set/kurta-kurtis/leggings-and-jeggings.html?affint=women-topmenu,949,Traditional-Ethnic,sarees,khazana,http://im6.ybndc.com/upload/431837/ProductRear635225553576761273.jpg,949,,Women,http://www.yebhi.com/431837/PD/khazana-purple-cotton-dress-materials.htm,yebhi.com,Khazana Purple Cotton - Dress Materials Buy Online,Khazana Purple Cotton - Dress Materials  Best Price Rs 949.00  EMI Rs 158 for 6 months FREE Shipping In Stock - Delivery in 13-17 Days,None,<div class="product_detail_columns tinyscrl" itemprop="description" style=""><div class="scrollbar" style="width:2px; height:250px; background:#9E9E9E;"><div class="track" style="width:2px;"><div class="thumb" style="width:6px;"><div class="end"> </div></div></div></div><div class="viewport" style=" height:250px; width:252px; font-family:Arial !important;"><div class="overview" style="text-align:justify; display:block;"><div>khazana cotton unstitched suit with colourful embroidery </div></div></div> </div>,,16:04:2014,
431826,khazana purple cotton dress materials,http://www.yebhi.com/online-shopping/women/dress-materials/sarees/salwar-kameez-set/kurta-kurtis/leggings-and-jeggings.html?affint=women-topmenu,1199,Traditional-Ethnic,sarees,khazana,http://im6.ybndc.com/upload/431826/ProductRear635225553555545137.jpg,1199,,Women,http://www.yebhi.com/431826/PD/khazana-purple-cotton-dress-materials.htm,yebhi.com,Khazana Purple Cotton - Dress Materials Buy Online,Khazana Purple Cotton - Dress Materials  Best Price Rs 1199.00  EMI Rs 200 for 6 months FREE Shipping In Stock - Delivery in 13-17 Days,None,<div class="product_detail_columns tinyscrl" itemprop="description" style=""><div class="scrollbar" style="width:2px; height:250px; background:#9E9E9E;"><div class="track" style="width:2px;"><div class="thumb" style="width:6px;"><div class="end"> </div></div></div></div><div class="viewport" style=" height:250px; width:252px; font-family:Arial !important;"><div class="overview" style="text-align:justify; display:block;"><div>khazana cotton unstitched suit with colourful embroidery </div></div></div> </div>,,16:04:2014,
431821,khazana green cotton dress materials,http://www.yebhi.com/online-shopping/women/dress-materials/sarees/salwar-kameez-set/kurta-kurtis/leggings-and-jeggings.html?affint=women-topmenu,1199,Traditional-Ethnic,sarees,khazana,http://im6.ybndc.com/upload/431821/ProductRear635225553545093070.jpg,1199,,Women,http://www.yebhi.com/431821/PD/khazana-green-cotton-dress-materials.htm,yebhi.com,Khazana Green Cotton - Dress Materials Buy Online,Khazana Green Cotton - Dress Materials  Best Price Rs 1199.00  EMI Rs 200 for 6 months FREE Shipping In Stock - Delivery in 13-17 Days,None,<div class="product_detail_columns tinyscrl" itemprop="description" style=""><div class="scrollbar" style="width:2px; height:250px; background:#9E9E9E;"><div class="track" style="width:2px;"><div class="thumb" style="width:6px;"><div class="end"> </div></div></div></div><div class="viewport" style=" height:250px; width:252px; font-family:Arial !important;"><div class="overview" style="text-align:justify; display:block;"><div>khazana cotton unstitched suit with colourful embroidery </div></div></div> </div>,,16:04:2014,
431840,khazana pink cotton dress materials,http://www.yebhi.com/online-shopping/women/dress-materials/sarees/salwar-kameez-set/kurta-kurtis/leggings-and-jeggings.html?affint=women-topmenu,949,Traditional-Ethnic,sarees,khazana,http://im6.ybndc.com/upload/431840/ProductRear635225553582377309.jpg,949,,Women,http://www.yebhi.com/431840/PD/khazana-pink-cotton-dress-materials.htm,yebhi.com,Khazana Pink Cotton - Dress Materials Buy Online,Khazana Pink Cotton - Dress Materials  Best Price Rs 949.00  EMI Rs 158 for 6 months FREE Shipping In Stock - Delivery in 13-17 Days,None,<div class="product_detail_columns tinyscrl" itemprop="description" style=""><div class="scrollbar" style="width:2px; height:250px; background:#9E9E9E;"><div class="track" style="width:2px;"><div class="thumb" style="width:6px;"><div class="end"> </div></div></div></div><div class="viewport" style=" height:250px; width:252px; font-family:Arial !important;"><div class="overview" style="text-align:justify; display:block;"><div>khazana cotton unstitched suit with colourful embroidery </div></div></div> </div>,,16:04:2014,
431822,khazana yellow cotton dress materials,http://www.yebhi.com/online-shopping/women/dress-materials/sarees/salwar-kameez-set/kurta-kurtis/leggings-and-jeggings.html?affint=women-topmenu,1199,Traditional-Ethnic,sarees,khazana,http://im6.ybndc.com/upload/431822/ProductRear635225553546965082.jpg,1199,,Women,http://www.yebhi.com/431822/PD/khazana-yellow-cotton-dress-materials.htm,yebhi.com,Khazana Yellow Cotton - Dress Materials Buy Online,Khazana Yellow Cotton - Dress Materials  Best Price Rs 1199.00  EMI Rs 200 for 6 months FREE Shipping In Stock - Delivery in 13-17 Days,None,<div class="product_detail_columns tinyscrl" itemprop="description" style=""><div class="scrollbar" style="width:2px; height:250px; background:#9E9E9E;"><div class="track" style="width:2px;"><div class="thumb" style="width:6px;"><div class="end"> </div></div></div></div><div class="viewport" style=" height:250px; width:252px; font-family:Arial !important;"><div class="overview" style="text-align:justify; display:block;"><div>khazana cotton unstitched suit with colourful embroidery </div></div></div> </div>,,16:04:2014,
431845,khazana pink cotton dress materials,http://www.yebhi.com/online-shopping/women/dress-materials/sarees/salwar-kameez-set/kurta-kurtis/leggings-and-jeggings.html?affint=women-topmenu,2099,Traditional-Ethnic,sarees,khazana,http://im6.ybndc.com/upload/431845/ProductRear635225553591737369.jpg,2099,,Women,http://www.yebhi.com/431845/PD/khazana-pink-cotton-dress-materials.htm,yebhi.com,Khazana Pink Cotton - Dress Materials Buy Online,Khazana Pink Cotton - Dress Materials  Best Price Rs 2099.00  EMI Rs 350 for 6 months FREE Shipping In Stock - Delivery in 13-17 Days,None,<div class="product_detail_columns tinyscrl" itemprop="description" style=""><div class="scrollbar" style="width:2px; height:250px; background:#9E9E9E;"><div class="track" style="width:2px;"><div class="thumb" style="width:6px;"><div class="end"> </div></div></div></div><div class="viewport" style=" height:250px; width:252px; font-family:Arial !important;"><div class="overview" style="text-align:justify; display:block;"><div>khazana cotton unstitched suit with colourful embroidery </div></div></div> </div>,,16:04:2014,
431859,khazana green cotton dress materials,http://www.yebhi.com/online-shopping/women/dress-materials/sarees/salwar-kameez-set/kurta-kurtis/leggings-and-jeggings.html?affint=women-topmenu,1599,Traditional-Ethnic,sarees,khazana,http://im6.ybndc.com/upload/431859/ProductRear635225553618101538.jpg,1599,,Women,http://www.yebhi.com/431859/PD/khazana-green-cotton-dress-materials.htm,yebhi.com,Khazana Green Cotton - Dress Materials Buy Online,Khazana Green Cotton - Dress Materials  Best Price Rs 1599.00  EMI Rs 267 for 6 months FREE Shipping In Stock - Delivery in 13-17 Days,None,<div class="product_detail_columns tinyscrl" itemprop="description" style=""><div class="scrollbar" style="width:2px; height:250px; background:#9E9E9E;"><div class="track" style="width:2px;"><div class="thumb" style="width:6px;"><div class="end"> </div></div></div></div><div class="viewport" style=" height:250px; width:252px; font-family:Arial !important;"><div class="overview" style="text-align:justify; display:block;"><div>khazana cotton unstitched suit with colourful embroidery </div></div></div> </div>,,16:04:2014,
431843,khazana blue cotton dress materials,http://www.yebhi.com/online-shopping/women/dress-materials/sarees/salwar-kameez-set/kurta-kurtis/leggings-and-jeggings.html?affint=women-topmenu,2099,Traditional-Ethnic,sarees,khazana,http://im6.ybndc.com/upload/431843/ProductRear635225553588149346.jpg,2099,,Women,http://www.yebhi.com/431843/PD/khazana-blue-cotton-dress-materials.htm,yebhi.com,Khazana Blue Cotton - Dress Materials Buy Online,Khazana Blue Cotton - Dress Materials  Best Price Rs 2099.00  EMI Rs 350 for 6 months FREE Shipping In Stock - Delivery in 13-17 Days,None,<div class="product_detail_columns tinyscrl" itemprop="description" style=""><div class="scrollbar" style="width:2px; height:250px; background:#9E9E9E;"><div class="track" style="width:2px;"><div class="thumb" style="width:6px;"><div class="end"> </div></div></div></div><div class="viewport" style=" height:250px; width:252px; font-family:Arial !important;"><div class="overview" style="text-align:justify; display:block;"><div>khazana cotton unstitched suit with colourful embroidery </div></div></div> </div>,,16:04:2014,
431864,khazana purple cotton dress materials,http://www.yebhi.com/online-shopping/women/dress-materials/sarees/salwar-kameez-set/kurta-kurtis/leggings-and-jeggings.html?affint=women-topmenu,1599,Traditional-Ethnic,sarees,khazana,http://im6.ybndc.com/upload/431864/ProductRear635225553626993595.jpg,1599,,Women,http://www.yebhi.com/431864/PD/khazana-purple-cotton-dress-materials.htm,yebhi.com,Khazana Purple Cotton - Dress Materials Buy Online,Khazana Purple Cotton - Dress Materials  Best Price Rs 1599.00  EMI Rs 267 for 6 months FREE Shipping In Stock - Delivery in 13-17 Days,None,<div class="product_detail_columns tinyscrl" itemprop="description" style=""><div class="scrollbar" style="width:2px; height:250px; background:#9E9E9E;"><div class="track" style="width:2px;"><div class="thumb" style="width:6px;"><div class="end"> </div></div></div></div><div class="viewport" style=" height:250px; width:252px; font-family:Arial !important;"><div class="overview" style="text-align:justify; display:block;"><div>khazana cotton unstitched suit with colourful embroidery </div></div></div> </div>,,16:04:2014,
431835,khazana brown cotton dress materials,http://www.yebhi.com/online-shopping/women/dress-materials/sarees/salwar-kameez-set/kurta-kurtis/leggings-and-jeggings.html?affint=women-topmenu,949,Traditional-Ethnic,sarees,khazana,http://im6.ybndc.com/upload/431835/ProductRear635225553573017249.jpg,949,,Women,http://www.yebhi.com/431835/PD/khazana-brown-cotton-dress-materials.htm,yebhi.com,Khazana Brown Cotton - Dress Materials Buy Online,Khazana Brown Cotton - Dress Materials  Best Price Rs 949.00  EMI Rs 158 for 6 months FREE Shipping In Stock - Delivery in 13-17 Days,None,<div class="product_detail_columns tinyscrl" itemprop="description" style=""><div class="scrollbar" style="width:2px; height:250px; background:#9E9E9E;"><div class="track" style="width:2px;"><div class="thumb" style="width:6px;"><div class="end"> </div></div></div></div><div class="viewport" style=" height:250px; width:252px; font-family:Arial !important;"><div class="overview" style="text-align:justify; display:block;"><div>khazana cotton unstitched suit with colourful embroidery </div></div></div> </div>,,16:04:2014,
431827,khazana green cotton dress materials,http://www.yebhi.com/online-shopping/women/dress-materials/sarees/salwar-kameez-set/kurta-kurtis/leggings-and-jeggings.html?affint=women-topmenu,1199,Traditional-Ethnic,sarees,khazana,http://im6.ybndc.com/upload/431827/ProductRear635225553557729151.jpg,1199,,Women,http://www.yebhi.com/431827/PD/khazana-green-cotton-dress-materials.htm,yebhi.com,Khazana Green Cotton - Dress Materials Buy Online,Khazana Green Cotton - Dress Materials  Best Price Rs 1199.00  EMI Rs 200 for 6 months FREE Shipping In Stock - Delivery in 13-17 Days,None,<div class="product_detail_columns tinyscrl" itemprop="description" style=""><div class="scrollbar" style="width:2px; height:250px; background:#9E9E9E;"><div class="track" style="width:2px;"><div class="thumb" style="width:6px;"><div class="end"> </div></div></div></div><div class="viewport" style=" height:250px; width:252px; font-family:Arial !important;"><div class="overview" style="text-align:justify; display:block;"><div>khazana cotton unstitched suit with colourful embroidery </div></div></div> </div>,,16:04:2014,
431925,khazana blue net sarees,http://www.yebhi.com/online-shopping/women/dress-materials/sarees/salwar-kameez-set/kurta-kurtis/leggings-and-jeggings.html?affint=women-topmenu,3099,Traditional-Ethnic,sarees,khazana,http://im6.ybndc.com/upload/431925/ProductRear635225553734166282.jpg,3099,,Women,http://www.yebhi.com/431925/PD/khazana-blue-net-sarees.htm,yebhi.com,Khazana Blue Net - Sarees Buy Online,Khazana Blue Net - Sarees  Best Price Rs 3099.00  EMI Rs 517 for 6 months FREE Shipping In Stock - Delivery in 13-17 Days,None,<div class="product_detail_columns tinyscrl" itemprop="description" style=""><div class="scrollbar" style="width:2px; height:250px; background:#9E9E9E;"><div class="track" style="width:2px;"><div class="thumb" style="width:6px;"><div class="end"> </div></div></div></div><div class="viewport" style=" height:250px; width:252px; font-family:Arial !important;"><div class="overview" style="text-align:justify; display:block;"><div>Khazana blue  net saree with unstitched blouse </div></div></div> </div>,,16:04:2014,
431853,khazana red cotton dress materials,http://www.yebhi.com/online-shopping/women/dress-materials/sarees/salwar-kameez-set/kurta-kurtis/leggings-and-jeggings.html?affint=women-topmenu,2099,Traditional-Ethnic,sarees,khazana,http://im6.ybndc.com/upload/431853/ProductRear635225553606089461.jpg,2099,,Women,http://www.yebhi.com/431853/PD/khazana-red-cotton-dress-materials.htm,yebhi.com,Khazana Red Cotton - Dress Materials Buy Online,Khazana Red Cotton - Dress Materials  Best Price Rs 2099.00  EMI Rs 350 for 6 months FREE Shipping In Stock - Delivery in 13-17 Days,None,<div class="product_detail_columns tinyscrl" itemprop="description" style=""><div class="scrollbar" style="width:2px; height:250px; background:#9E9E9E;"><div class="track" style="width:2px;"><div class="thumb" style="width:6px;"><div class="end"> </div></div></div></div><div class="viewport" style=" height:250px; width:252px; font-family:Arial !important;"><div class="overview" style="text-align:justify; display:block;"><div>khazana cotton unstitched suit with colourful embroidery </div></div></div> </div>,,16:04:2014,
431833,khazana pink cotton dress materials,http://www.yebhi.com/online-shopping/women/dress-materials/sarees/salwar-kameez-set/kurta-kurtis/leggings-and-jeggings.html?affint=women-topmenu,949,Traditional-Ethnic,sarees,khazana,http://im6.ybndc.com/upload/431833/ProductRear635225553569585227.jpg,949,,Women,http://www.yebhi.com/431833/PD/khazana-pink-cotton-dress-materials.htm,yebhi.com,Khazana Pink Cotton - Dress Materials Buy Online,Khazana Pink Cotton - Dress Materials  Best Price Rs 949.00  EMI Rs 158 for 6 months FREE Shipping In Stock - Delivery in 13-17 Days,None,<div class="product_detail_columns tinyscrl" itemprop="description" style=""><div class="scrollbar" style="width:2px; height:250px; background:#9E9E9E;"><div class="track" style="width:2px;"><div class="thumb" style="width:6px;"><div class="end"> </div></div></div></div><div class="viewport" style=" height:250px; width:252px; font-family:Arial !important;"><div class="overview" style="text-align:justify; display:block;"><div>khazana cotton unstitched suit with colourful embroidery </div></div></div> </div>,,16:04:2014,
431823,khazana pink cotton dress materials,http://www.yebhi.com/online-shopping/women/dress-materials/sarees/salwar-kameez-set/kurta-kurtis/leggings-and-jeggings.html?affint=women-topmenu,1199,Traditional-Ethnic,sarees,khazana,http://im6.ybndc.com/upload/431823/ProductRear635225553549149096.jpg,1199,,Women,http://www.yebhi.com/431823/PD/khazana-pink-cotton-dress-materials.htm,yebhi.com,Khazana Pink Cotton - Dress Materials Buy Online,Khazana Pink Cotton - Dress Materials  Best Price Rs 1199.00  EMI Rs 200 for 6 months FREE Shipping In Stock - Delivery in 13-17 Days,None,<div class="product_detail_columns tinyscrl" itemprop="description" style=""><div class="scrollbar" style="width:2px; height:250px; background:#9E9E9E;"><div class="track" style="width:2px;"><div class="thumb" style="width:6px;"><div class="end"> </div></div></div></div><div class="viewport" style=" height:250px; width:252px; font-family:Arial !important;"><div class="overview" style="text-align:justify; display:block;"><div>khazana cotton unstitched suit with colourful embroidery </div></div></div> </div>,,16:04:2014,
431847,khazana green cotton dress materials,http://www.yebhi.com/online-shopping/women/dress-materials/sarees/salwar-kameez-set/kurta-kurtis/leggings-and-jeggings.html?affint=women-topmenu,2099,Traditional-Ethnic,sarees,khazana,http://im6.ybndc.com/upload/431847/ProductRear635225553595481393.jpg,2099,,Women,http://www.yebhi.com/431847/PD/khazana-green-cotton-dress-materials.htm,yebhi.com,Khazana Green Cotton - Dress Materials Buy Online,Khazana Green Cotton - Dress Materials  Best Price Rs 2099.00  EMI Rs 350 for 6 months FREE Shipping In Stock - Delivery in 13-17 Days,None,<div class="product_detail_columns tinyscrl" itemprop="description" style=""><div class="scrollbar" style="width:2px; height:250px; background:#9E9E9E;"><div class="track" style="width:2px;"><div class="thumb" style="width:6px;"><div class="end"> </div></div></div></div><div class="viewport" style=" height:250px; width:252px; font-family:Arial !important;"><div class="overview" style="text-align:justify; display:block;"><div>khazana cotton unstitched suit with colourful embroidery </div></div></div> </div>,,16:04:2014,
431919,khazana pink sarees,http://www.yebhi.com/online-shopping/women/dress-materials/sarees/salwar-kameez-set/kurta-kurtis/leggings-and-jeggings.html?affint=women-topmenu,1549,Traditional-Ethnic,sarees,khazana,http://im6.ybndc.com/upload/431919/ProductRear635225553724338219.jpg,1549,,Women,http://www.yebhi.com/431919/PD/khazana-pink-sarees.htm,yebhi.com,Khazana Pink - Sarees Buy Online,Khazana Pink - Sarees  Best Price Rs 1549.00  EMI Rs 258 for 6 months FREE Shipping In Stock - Delivery in 13-17 Days,None,<div class="product_detail_columns tinyscrl" itemprop="description" style=""><div class="scrollbar" style="width:2px; height:250px; background:#9E9E9E;"><div class="track" style="width:2px;"><div class="thumb" style="width:6px;"><div class="end"> </div></div></div></div><div class="viewport" style=" height:250px; width:252px; font-family:Arial !important;"><div class="overview" style="text-align:justify; display:block;"><div>Khazana green &amp; pink faux georgette saree with unstitched blouse </div></div></div> </div>,,16:04:2014,
431917,khazana green sarees,http://www.yebhi.com/online-shopping/women/dress-materials/sarees/salwar-kameez-set/kurta-kurtis/leggings-and-jeggings.html?affint=women-topmenu,1549,Traditional-Ethnic,sarees,khazana,http://im6.ybndc.com/upload/431917/ProductRear635225553720750196.jpg,1549,,Women,http://www.yebhi.com/431917/PD/khazana-green-sarees.htm,yebhi.com,Khazana Green - Sarees Buy Online,Khazana Green - Sarees  Best Price Rs 1549.00  EMI Rs 258 for 6 months FREE Shipping In Stock - Delivery in 13-17 Days,None,<div class="product_detail_columns tinyscrl" itemprop="description" style=""><div class="scrollbar" style="width:2px; height:250px; background:#9E9E9E;"><div class="track" style="width:2px;"><div class="thumb" style="width:6px;"><div class="end"> </div></div></div></div><div class="viewport" style=" height:250px; width:252px; font-family:Arial !important;"><div class="overview" style="text-align:justify; display:block;"><div>Khazana green &amp; blue faux georgette saree with unstitched blouse </div></div></div> </div>,,16:04:2014,
431841,khazana green cotton dress materials,http://www.yebhi.com/online-shopping/women/dress-materials/sarees/salwar-kameez-set/kurta-kurtis/leggings-and-jeggings.html?affint=women-topmenu,949,Traditional-Ethnic,sarees,khazana,http://im6.ybndc.com/upload/431841/ProductRear635225553584093320.jpg,949,,Women,http://www.yebhi.com/431841/PD/khazana-green-cotton-dress-materials.htm,yebhi.com,Khazana Green Cotton - Dress Materials Buy Online,Khazana Green Cotton - Dress Materials  Best Price Rs 949.00  EMI Rs 158 for 6 months FREE Shipping In Stock - Delivery in 13-17 Days,None,<div class="product_detail_columns tinyscrl" itemprop="description" style=""><div class="scrollbar" style="width:2px; height:250px; background:#9E9E9E;"><div class="track" style="width:2px;"><div class="thumb" style="width:6px;"><div class="end"> </div></div></div></div><div class="viewport" style=" height:250px; width:252px; font-family:Arial !important;"><div class="overview" style="text-align:justify; display:block;"><div>khazana cotton unstitched suit with colourful embroidery </div></div></div> </div>,,16:04:2014,
431867,khazana red cotton dress materials,http://www.yebhi.com/online-shopping/women/dress-materials/sarees/salwar-kameez-set/kurta-kurtis/leggings-and-jeggings.html?affint=women-topmenu,1599,Traditional-Ethnic,sarees,khazana,http://im6.ybndc.com/upload/431867/ProductRear635225553632297629.jpg,1599,,Women,http://www.yebhi.com/431867/PD/khazana-red-cotton-dress-materials.htm,yebhi.com,Khazana Red Cotton - Dress Materials Buy Online,Khazana Red Cotton - Dress Materials  Best Price Rs 1599.00  EMI Rs 267 for 6 months FREE Shipping In Stock - Delivery in 13-17 Days,None,<div class="product_detail_columns tinyscrl" itemprop="description" style=""><div class="scrollbar" style="width:2px; height:250px; background:#9E9E9E;"><div class="track" style="width:2px;"><div class="thumb" style="width:6px;"><div class="end"> </div></div></div></div><div class="viewport" style=" height:250px; width:252px; font-family:Arial !important;"><div class="overview" style="text-align:justify; display:block;"><div>khazana cotton unstitched suit with colourful embroidery </div></div></div> </div>,,16:04:2014,
431838,khazana blue cotton dress materials,http://www.yebhi.com/online-shopping/women/dress-materials/sarees/salwar-kameez-set/kurta-kurtis/leggings-and-jeggings.html?affint=women-topmenu,949,Traditional-Ethnic,sarees,khazana,http://im6.ybndc.com/upload/431838/ProductRear635225553578477284.jpg,949,,Women,http://www.yebhi.com/431838/PD/khazana-blue-cotton-dress-materials.htm,yebhi.com,Khazana Blue Cotton - Dress Materials Buy Online,Khazana Blue Cotton - Dress Materials  Best Price Rs 949.00  EMI Rs 158 for 6 months FREE Shipping In Stock - Delivery in 13-17 Days,None,<div class="product_detail_columns tinyscrl" itemprop="description" style=""><div class="scrollbar" style="width:2px; height:250px; background:#9E9E9E;"><div class="track" style="width:2px;"><div class="thumb" style="width:6px;"><div class="end"> </div></div></div></div><div class="viewport" style=" height:250px; width:252px; font-family:Arial !important;"><div class="overview" style="text-align:justify; display:block;"><div>khazana cotton unstitched suit with colourful embroidery </div></div></div> </div>,,16:04:2014,
431836,khazana yellow cotton dress materials,http://www.yebhi.com/online-shopping/women/dress-materials/sarees/salwar-kameez-set/kurta-kurtis/leggings-and-jeggings.html?affint=women-topmenu,949,Traditional-Ethnic,sarees,khazana,http://im6.ybndc.com/upload/431836/ProductRear635225553575045262.jpg,949,,Women,http://www.yebhi.com/431836/PD/khazana-yellow-cotton-dress-materials.htm,yebhi.com,Khazana Yellow Cotton - Dress Materials Buy Online,Khazana Yellow Cotton - Dress Materials  Best Price Rs 949.00  EMI Rs 158 for 6 months FREE Shipping In Stock - Delivery in 13-17 Days,None,<div class="product_detail_columns tinyscrl" itemprop="description" style=""><div class="scrollbar" style="width:2px; height:250px; background:#9E9E9E;"><div class="track" style="width:2px;"><div class="thumb" style="width:6px;"><div class="end"> </div></div></div></div><div class="viewport" style=" height:250px; width:252px; font-family:Arial !important;"><div class="overview" style="text-align:justify; display:block;"><div>khazana cotton unstitched suit with colourful embroidery </div></div></div> </div>,,16:04:2014,
431865,khazana white cotton dress materials,http://www.yebhi.com/online-shopping/women/dress-materials/sarees/salwar-kameez-set/kurta-kurtis/leggings-and-jeggings.html?affint=women-topmenu,1599,Traditional-Ethnic,sarees,khazana,http://im6.ybndc.com/upload/431865/ProductRear635225553628865607.jpg,1599,,Women,http://www.yebhi.com/431865/PD/khazana-white-cotton-dress-materials.htm,yebhi.com,Khazana White Cotton - Dress Materials Buy Online,Khazana White Cotton - Dress Materials  Best Price Rs 1599.00  EMI Rs 267 for 6 months FREE Shipping In Stock - Delivery in 13-17 Days,None,<div class="product_detail_columns tinyscrl" itemprop="description" style=""><div class="scrollbar" style="width:2px; height:250px; background:#9E9E9E;"><div class="track" style="width:2px;"><div class="thumb" style="width:6px;"><div class="end"> </div></div></div></div><div class="viewport" style=" height:250px; width:252px; font-family:Arial !important;"><div class="overview" style="text-align:justify; display:block;"><div>khazana cotton unstitched suit with colourful embroidery </div></div></div> </div>,,16:04:2014,
431828,khazana mustard cotton dress materials,http://www.yebhi.com/online-shopping/women/dress-materials/sarees/salwar-kameez-set/kurta-kurtis/leggings-and-jeggings.html?affint=women-topmenu,1199,Traditional-Ethnic,sarees,khazana,http://im6.ybndc.com/upload/431828/ProductRear635225553559757164.jpg,1199,,Women,http://www.yebhi.com/431828/PD/khazana-mustard-cotton-dress-materials.htm,yebhi.com,Khazana Mustard Cotton - Dress Materials Buy Online,Khazana Mustard Cotton - Dress Materials  Best Price Rs 1199.00  EMI Rs 200 for 6 months FREE Shipping In Stock - Delivery in 13-17 Days,None,<div class="product_detail_columns tinyscrl" itemprop="description" style=""><div class="scrollbar" style="width:2px; height:250px; background:#9E9E9E;"><div class="track" style="width:2px;"><div class="thumb" style="width:6px;"><div class="end"> </div></div></div></div><div class="viewport" style=" height:250px; width:252px; font-family:Arial !important;"><div class="overview" style="text-align:justify; display:block;"><div>khazana cotton unstitched suit with colourful embroidery </div></div></div> </div>,,16:04:2014,
431871,khazana purple cotton dress materials,http://www.yebhi.com/online-shopping/women/dress-materials/sarees/salwar-kameez-set/kurta-kurtis/leggings-and-jeggings.html?affint=women-topmenu,1599,Traditional-Ethnic,sarees,khazana,http://im6.ybndc.com/upload/431871/ProductRear635225553639161673.jpg,1599,,Women,http://www.yebhi.com/431871/PD/khazana-purple-cotton-dress-materials.htm,yebhi.com,Khazana Purple Cotton - Dress Materials Buy Online,Khazana Purple Cotton - Dress Materials  Best Price Rs 1599.00  EMI Rs 267 for 6 months FREE Shipping In Stock - Delivery in 13-17 Days,None,<div class="product_detail_columns tinyscrl" itemprop="description" style=""><div class="scrollbar" style="width:2px; height:250px; background:#9E9E9E;"><div class="track" style="width:2px;"><div class="thumb" style="width:6px;"><div class="end"> </div></div></div></div><div class="viewport" style=" height:250px; width:252px; font-family:Arial !important;"><div class="overview" style="text-align:justify; display:block;"><div>khazana cotton unstitched suit with colourful embroidery </div></div></div> </div>,,16:04:2014,
431825,khazana green cotton dress materials,http://www.yebhi.com/online-shopping/women/dress-materials/sarees/salwar-kameez-set/kurta-kurtis/leggings-and-jeggings.html?affint=women-topmenu,1199,Traditional-Ethnic,sarees,khazana,http://im6.ybndc.com/upload/431825/ProductRear635225553553517124.jpg,1199,,Women,http://www.yebhi.com/431825/PD/khazana-green-cotton-dress-materials.htm,yebhi.com,Khazana Green Cotton - Dress Materials Buy Online,Khazana Green Cotton - Dress Materials  Best Price Rs 1199.00  EMI Rs 200 for 6 months FREE Shipping In Stock - Delivery in 13-17 Days,None,<div class="product_detail_columns tinyscrl" itemprop="description" style=""><div class="scrollbar" style="width:2px; height:250px; background:#9E9E9E;"><div class="track" style="width:2px;"><div class="thumb" style="width:6px;"><div class="end"> </div></div></div></div><div class="viewport" style=" height:250px; width:252px; font-family:Arial !important;"><div class="overview" style="text-align:justify; display:block;"><div>khazana cotton unstitched suit with colourful embroidery </div></div></div> </div>,,16:04:2014,
lingra black women leggings,lingra,http://www.yebhi.com/online-shopping/women/dress-materials/sarees/salwar-kameez-set/kurta-kurtis/leggings-and-jeggings.html?affint=women-topmenu,http://im6.ybndc.com/upload/453866/ProductRear635282467801070000.jpg,Traditional-Ethnic,sarees,khazana,http://www.yebhi.com/453866/PD/lingra-black-women-leggings.htm,453866,,Women,http://www.yebhi.com/online-shopping/lingra/women/dress-materials/salwar-kameez-set/sarees/leggings-and-jeggings/leggings-and-jeggings/kurta-kurtis.html?affint=women-topmenu&lc=Brands,yebhi.com,Lingra Black Women - Leggings Buy Online,Lingra Black Women - Leggings  Best Price Rs 499.00 Best Discount 17% Off EMI Rs 83 for 6 months,599,<div class="product_detail_columns tinyscrl" itemprop="description" style=""><div class="scrollbar" style="width:2px; height:250px; background:#9E9E9E;"><div class="track" style="width:2px;"><div class="thumb" style="width:6px;"><div class="end"> </div></div></div></div><div class="viewport" style=" height:250px; width:252px; font-family:Arial !important;"><div class="overview" style="text-align:justify; display:block;"><div>comfortable wear </div></div></div> </div>,,16:04:2014,
431854,khazana green cotton dress materials,http://www.yebhi.com/online-shopping/women/dress-materials/sarees/salwar-kameez-set/kurta-kurtis/leggings-and-jeggings.html?affint=women-topmenu,2099,Traditional-Ethnic,sarees,khazana,http://im6.ybndc.com/upload/431854/ProductRear635225553607961473.jpg,2099,,Women,http://www.yebhi.com/431854/PD/khazana-green-cotton-dress-materials.htm,yebhi.com,Khazana Green Cotton - Dress Materials Buy Online,Khazana Green Cotton - Dress Materials  Best Price Rs 2099.00  EMI Rs 350 for 6 months FREE Shipping In Stock - Delivery in 13-17 Days,None,<div class="product_detail_columns tinyscrl" itemprop="description" style=""><div class="scrollbar" style="width:2px; height:250px; background:#9E9E9E;"><div class="track" style="width:2px;"><div class="thumb" style="width:6px;"><div class="end"> </div></div></div></div><div class="viewport" style=" height:250px; width:252px; font-family:Arial !important;"><div class="overview" style="text-align:justify; display:block;"><div>khazana cotton unstitched suit with colourful embroidery </div></div></div> </div>,,16:04:2014,
431851,khazana black cotton dress materials,http://www.yebhi.com/online-shopping/women/dress-materials/sarees/salwar-kameez-set/kurta-kurtis/leggings-and-jeggings.html?affint=women-topmenu,2099,Traditional-Ethnic,sarees,khazana,http://im6.ybndc.com/upload/431851/ProductRear635225553602189436.jpg,2099,,Women,http://www.yebhi.com/431851/PD/khazana-black-cotton-dress-materials.htm,yebhi.com,Khazana Black Cotton - Dress Materials Buy Online,Khazana Black Cotton - Dress Materials  Best Price Rs 2099.00  EMI Rs 350 for 6 months FREE Shipping In Stock - Delivery in 13-17 Days,None,<div class="product_detail_columns tinyscrl" itemprop="description" style=""><div class="scrollbar" style="width:2px; height:250px; background:#9E9E9E;"><div class="track" style="width:2px;"><div class="thumb" style="width:6px;"><div class="end"> </div></div></div></div><div class="viewport" style=" height:250px; width:252px; font-family:Arial !important;"><div class="overview" style="text-align:justify; display:block;"><div>khazana cotton unstitched suit with colourful embroidery </div></div></div> </div>,,16:04:2014,
431846,khazana red cotton dress materials,http://www.yebhi.com/online-shopping/women/dress-materials/sarees/salwar-kameez-set/kurta-kurtis/leggings-and-jeggings.html?affint=women-topmenu,2099,Traditional-Ethnic,sarees,khazana,http://im6.ybndc.com/upload/431846/ProductRear635225553593765382.jpg,2099,,Women,http://www.yebhi.com/431846/PD/khazana-red-cotton-dress-materials.htm,yebhi.com,Khazana Red Cotton - Dress Materials Buy Online,Khazana Red Cotton - Dress Materials  Best Price Rs 2099.00  EMI Rs 350 for 6 months FREE Shipping In Stock - Delivery in 13-17 Days,None,<div class="product_detail_columns tinyscrl" itemprop="description" style=""><div class="scrollbar" style="width:2px; height:250px; background:#9E9E9E;"><div class="track" style="width:2px;"><div class="thumb" style="width:6px;"><div class="end"> </div></div></div></div><div class="viewport" style=" height:250px; width:252px; font-family:Arial !important;"><div class="overview" style="text-align:justify; display:block;"><div>khazana cotton unstitched suit with colourful embroidery </div></div></div> </div>,,16:04:2014,
431918,khazana yellow sarees,http://www.yebhi.com/online-shopping/women/dress-materials/sarees/salwar-kameez-set/kurta-kurtis/leggings-and-jeggings.html?affint=women-topmenu,1549,Traditional-Ethnic,sarees,khazana,http://im6.ybndc.com/upload/431918/ProductRear635225553722622208.jpg,1549,,Women,http://www.yebhi.com/431918/PD/khazana-yellow-sarees.htm,yebhi.com,Khazana Yellow - Sarees Buy Online,Khazana Yellow - Sarees  Best Price Rs 1549.00  EMI Rs 258 for 6 months FREE Shipping In Stock - Delivery in 13-17 Days,None,<div class="product_detail_columns tinyscrl" itemprop="description" style=""><div class="scrollbar" style="width:2px; height:250px; background:#9E9E9E;"><div class="track" style="width:2px;"><div class="thumb" style="width:6px;"><div class="end"> </div></div></div></div><div class="viewport" style=" height:250px; width:252px; font-family:Arial !important;"><div class="overview" style="text-align:justify; display:block;"><div>Khazana yellow faux georgette saree with unstitched blouse </div></div></div> </div>,,16:04:2014,
431829,khazana blue cotton dress materials,http://www.yebhi.com/online-shopping/women/dress-materials/sarees/salwar-kameez-set/kurta-kurtis/leggings-and-jeggings.html?affint=women-topmenu,999,Traditional-Ethnic,sarees,khazana,http://im6.ybndtp://im6.ybndc.com/upload/453883/ProductRear635279840687606000.jpg,999,,Women,http://www.yebhi.com/431829/PD/khazana-blue-cotton-dress-materials.htm,yebhi.com,Khazana Blue Cotton - Dress Materials Buy Online,Khazana Blue Cotton - Dress Materials  Best Price Rs 1199.00  EMI Rs 200 for 6 months FREE Shipping In Stock - Delivery in 13-17 Days,SML,<div class="product_detail_columns tinyscrl" itemprop="description" style=""><div class="scrollbar" style="width:2px; height:250px; background:#9E9E9E;"><div class="track" style="width:2px;"><div class="thumb" style="width:6px;"><div class="end"> </div></div></div></div><div class="viewport" style=" height:250px; width:252px; font-family:Arial !important;"><div class="overview" style="text-align:justify; display:block;"><div>khazana cotton unstitched suit with colourful embroidery </div></div></div> </div>,,16:04:2014,
431832,khazana yellow cotton dress materials,http://www.yebhi.com/online-shopping/women/dress-materials/sarees/salwar-kameez-set/kurta-kurtis/leggings-and-jeggings.html?affint=women-topmenu,949,Traditional-Ethnic,sarees,khazana,http://im6.ybndc.com/upload/431832/ProductRear635225553567713215.jpg,949,,Women,http://www.yebhi.com/431832/PD/khazana-yellow-cotton-dress-materials.htm,yebhi.com,Khazana Yellow Cotton - Dress Materials Buy Online,Khazana Yellow Cotton - Dress Materials  Best Price Rs 949.00  EMI Rs 158 for 6 months FREE Shipping In Stock - Delivery in 13-17 Days,None,<div class="product_detail_columns tinyscrl" itemprop="description" style=""><div class="scrollbar" style="width:2px; height:250px; background:#9E9E9E;"><div class="track" style="width:2px;"><div class="thumb" style="width:6px;"><div class="end"> </div></div></div></div><div class="viewport" style=" height:250px; width:252px; font-family:Arial !important;"><div class="overview" style="text-align:justify; display:block;"><div>khazana cotton unstitched suit with colourful embroidery </div></div></div> </div>,,16:04:2014,
431870,khazana yellow cotton dress materials,http://www.yebhi.com/online-shopping/women/dress-materials/sarees/salwar-kameez-set/kurta-kurtis/leggings-and-jeggings.html?affint=women-topmenu,1599,Traditional-Ethnic,sarees,khazana,http://im6.ybndc.com/upload/431870/ProductRear635225553637445662.jpg,1599,,Women,http://www.yebhi.com/431870/PD/khazana-yellow-cotton-dress-materials.htm,yebhi.com,Khazana Yellow Cotton - Dress Materials Buy Online,Khazana Yellow Cotton - Dress Materials  Best Price Rs 1599.00  EMI Rs 267 for 6 months FREE Shipping In Stock - Delivery in 13-17 Days,None,<div class="product_detail_columns tinyscrl" itemprop="description" style=""><div class="scrollbar" style="width:2px; height:250px; background:#9E9E9E;"><div class="track" style="width:2px;"><div class="thumb" style="width:6px;"><div class="end"> </div></div></div></div><div class="viewport" style=" height:250px; width:252px; font-family:Arial !important;"><div class="overview" style="text-align:justify; display:block;"><div>khazana cotton unstitched suit with colourful embroidery </div></div></div> </div>,,16:04:2014,
431920,khazana black net sarees,http://www.yebhi.com/online-shopping/women/dress-materials/sarees/salwar-kameez-set/kurta-kurtis/leggings-and-jeggings.html?affint=women-topmenu,3099,Traditional-Ethnic,sarees,khazana,http://im6.ybndc.com/upload/431920/ProductRear635225553725430226.jpg,3099,,Women,http://www.yebhi.com/431920/PD/khazana-black-net-sarees.htm,yebhi.com,Khazana Black Net - Sarees Buy Online,Khazana Black Net - Sarees  Best Price Rs 3099.00  EMI Rs 517 for 6 months FREE Shipping In Stock - Delivery in 13-17 Days,None,<div class="product_detail_columns tinyscrl" itemprop="description" style=""><div class="scrollbar" style="width:2px; height:250px; background:#9E9E9E;"><div class="track" style="width:2px;"><div class="thumb" style="width:6px;"><div class="end"> </div></div></div></div><div class="viewport" style=" height:250px; width:252px; font-family:Arial !important;"><div class="overview" style="text-align:justify; display:block;"><div>Khazana black net saree with unstitched blouse </div></div></div> </div>,,16:04:2014,
431852,khazana pink cotton dress materials,http://www.yebhi.com/online-shopping/women/dress-materials/sarees/salwar-kameez-set/kurta-kurtis/leggings-and-jeggings.html?affint=women-topmenu,2099,Traditional-Ethnic,sarees,khazana,http://im6.ybndc.com/upload/431852/ProductRear635225553603905447.jpg,2099,,Women,http://www.yebhi.com/431852/PD/khazana-pink-cotton-dress-materials.htm,yebhi.com,Khazana Pink Cotton - Dress Materials Buy Online,Khazana Pink Cotton - Dress Materials  Best Price Rs 2099.00  EMI Rs 350 for 6 months FREE Shipping In Stock - Delivery in 13-17 Days,None,<div class="product_detail_columns tinyscrl" itemprop="description" style=""><div class="scrollbar" style="width:2px; height:250px; background:#9E9E9E;"><div class="track" style="width:2px;"><div class="thumb" style="width:6px;"><div class="end"> </div></div></div></div><div class="viewport" style=" height:250px; width:252px; font-family:Arial !important;"><div class="overview" style="text-align:justify; display:block;"><div>khazana cotton unstitched suit with colourful embroidery </div></div></div> </div>,,16:04:2014,
431844,khazana blue cotton dress materials,http://www.yebhi.com/online-shopping/women/dress-materials/sarees/salwar-kameez-set/kurta-kurtis/leggings-and-jeggings.html?affint=women-topmenu,2099,Traditional-Ethnic,sarees,khazana,http://im6.ybndc.com/upload/431844/ProductRear635225553590177359.jpg,2099,,Women,http://www.yebhi.com/431844/PD/khazana-blue-cotton-dress-materials.htm,yebhi.com,Khazana Blue Cotton - Dress Materials Buy Online,Khazana Blue Cotton - Dress Materials  Best Price Rs 2099.00  EMI Rs 350 for 6 months FREE Shipping In Stock - Delivery in 13-17 Days,None,<div class="product_detail_columns tinyscrl" itemprop="description" style=""><div class="scrollbar" style="width:2px; height:250px; background:#9E9E9E;"><div class="track" style="width:2px;"><div class="thumb" style="width:6px;"><div class="end"> </div></div></div></div><div class="viewport" style=" height:250px; width:252px; font-family:Arial !important;"><div class="overview" style="text-align:justify; display:block;"><div>khazana cotton unstitched suit with colourful embroidery </div></div></div> </div>,,16:04:2014,
431842,khazana pink cotton dress materials,http://www.yebhi.com/online-shopping/women/dress-materials/sarees/salwar-kameez-set/kurta-kurtis/leggings-and-jeggings.html?affint=women-topmenu,2099,Traditional-Ethnic,sarees,khazana,http://im6.ybndc.com/upload/431842/ProductRear635225553586433335.jpg,2099,,Women,http://www.yebhi.com/431842/PD/khazana-pink-cotton-dress-materials.htm,yebhi.com,Khazana Pink Cotton - Dress Materials Buy Online,Khazana Pink Cotton - Dress Materials  Best Price Rs 2099.00  EMI Rs 350 for 6 months FREE Shipping In Stock - Delivery in 13-17 Days,None,<div class="product_detail_columns tinyscrl" itemprop="description" style=""><div class="scrollbar" style="width:2px; height:250px; background:#9E9E9E;"><div class="track" style="width:2px;"><div class="thumb" style="width:6px;"><div class="end"> </div></div></div></div><div class="viewport" style=" height:250px; width:252px; font-family:Arial !important;"><div class="overview" style="text-align:justify; display:block;"><div>khazana cotton unstitched suit with colourful embroidery </div></div></div> </div>,,16:04:2014,
431923,khazana black net sarees,http://www.yebhi.com/online-shopping/women/dress-materials/sarees/salwar-kameez-set/kurta-kurtis/leggings-and-jeggings.html?affint=women-topmenu,3099,Traditional-Ethnic,sarees,khazana,http://im6.ybndc.com/upload/431923/ProductRear635225553730578259.jpg,3099,,Women,http://www.yebhi.com/431923/PD/khazana-black-net-sarees.htm,yebhi.com,Khazana Black Net - Sarees Buy Online,Khazana Black Net - Sarees  Best Price Rs 3099.00  EMI Rs 517 for 6 months FREE Shipping In Stock - Delivery in 13-17 Days,None,<div class="product_detail_columns tinyscrl" itemprop="description" style=""><div class="scrollbar" style="width:2px; height:250px; background:#9E9E9E;"><div class="track" style="width:2px;"><div class="thumb" style="width:6px;"><div class="end"> </div></div></div></div><div class="viewport" style=" height:250px; width:252px; font-family:Arial !important;"><div class="overview" style="text-align:justify; display:block;"><div>Khazana black net saree with unstitched blouse </div></div></div> </div>,,16:04:2014,
431850,khazana white cotton dress materials,http://www.yebhi.com/online-shopping/women/dress-materials/sarees/salwar-kameez-set/kurta-kurtis/leggings-and-jeggings.html?affint=women-topmenu,2099,Traditional-Ethnic,sarees,khazana,http://im6.ybndc.com/upload/431850/ProductRear635225553600941428.jpg,2099,,Women,http://www.yebhi.com/431850/PD/khazana-white-cotton-dress-materials.htm,yebhi.com,Khazana White Cotton - Dress Materials Buy Online,Khazana White Cotton - Dress Materials  Best Price Rs 2099.00  EMI Rs 350 for 6 months FREE Shipping In Stock - Delivery in 13-17 Days,None,<div class="product_detail_columns tinyscrl" itemprop="description" style=""><div class="scrollbar" style="width:2px; height:250px; background:#9E9E9E;"><div class="track" style="width:2px;"><div class="thumb" style="width:6px;"><div class="end"> </div></div></div></div><div class="viewport" style=" height:250px; width:252px; font-family:Arial !important;"><div class="overview" style="text-align:justify; display:block;"><div>khazana cotton unstitched suit with colourful embroidery </div></div></div> </div>,,16:04:2014,
431868,khazana green cotton dress materials,http://www.yebhi.com/online-shopping/women/dress-materials/sarees/salwar-kameez-set/kurta-kurtis/leggings-and-jeggings.html?affint=women-topmenu,1599,Traditional-Ethnic,sarees,khazana,http://im6.ybndc.com/upload/431868/ProductRear635225553634325642.jpg,1599,,Women,http://www.yebhi.com/431868/PD/khazana-green-cotton-dress-materials.htm,yebhi.com,Khazana Green Cotton - Dress Materials Buy Online,Khazana Green Cotton - Dress Materials  Best Price Rs 1599.00  EMI Rs 267 for 6 months FREE Shipping In Stock - Delivery in 13-17 Days,None,<div class="product_detail_columns tinyscrl" itemprop="description" style=""><div class="scrollbar" style="width:2px; height:250px; background:#9E9E9E;"><div class="track" style="width:2px;"><div class="thumb" style="width:6px;"><div class="end"> </div></div></div></div><div class="viewport" style=" height:250px; width:252px; font-family:Arial !important;"><div class="overview" style="text-align:justify; display:block;"><div>khazana cotton unstitched suit with colourful embroidery </div></div></div> </div>,,16:04:2014,
