423232,murli manohar fashions green net sarees,http://www.yebhi.com/online-shopping/women/dress-materials/sarees/salwar-kameez-set/kurta-kurtis/leggings-and-jeggings.html?affint=women-topmenu,1689,Traditional-Ethnic,kurta-kurtis,murli-manohar-fashions,http://im6.ybndc.com/upload/423232/ProductRear635225565376676913.jpg,2599,,Women,http://www.yebhi.com/423232/PD/murli-manohar-fashions-green-net-sarees.htm,yebhi.com,Murli Manohar Fashions Green Net - Sarees Buy Online,Murli Manohar Fashions Green Net - Sarees  Best Price Rs 1689.00 Best Discount 35% Off EMI Rs 282 for 6 months FREE Shipping in 2 Days,None,<div class="product_detail_columns tinyscrl" itemprop="description" style=""><div class="scrollbar" style="width:2px; height:250px; background:#9E9E9E;"><div class="track" style="width:2px;"><div class="thumb" style="width:6px;"><div class="end"> </div></div></div></div><div class="viewport" style=" height:250px; width:252px; font-family:Arial !important;"><div class="overview" style="text-align:justify; display:block;"><div>MMF Green Super Net Embroidered Saree With Blouse Piece </div></div></div> </div>,,16:04:2014,
423228,murli manohar fashions yellow net sarees,http://www.yebhi.com/online-shopping/women/dress-materials/sarees/salwar-kameez-set/kurta-kurtis/leggings-and-jeggings.html?affint=women-topmenu,1689,Traditional-Ethnic,kurta-kurtis,murli-manohar-fashions,http://im6.ybndc.com/upload/423228/ProductRear635229630175099829.jpg,2599,,Women,http://www.yebhi.com/423228/PD/murli-manohar-fashions-yellow-net-sarees.htm,yebhi.com,Murli Manohar Fashions Yellow Net - Sarees Buy Online,Murli Manohar Fashions Yellow Net - Sarees  Best Price Rs 1689.00 Best Discount 35% Off EMI Rs 282 for 6 months FREE Shipping in 2 Days,None,<div class="product_detail_columns tinyscrl" itemprop="description" style=""><div class="scrollbar" style="width:2px; height:250px; background:#9E9E9E;"><div class="track" style="width:2px;"><div class="thumb" style="width:6px;"><div class="end"> </div></div></div></div><div class="viewport" style=" height:250px; width:252px; font-family:Arial !important;"><div class="overview" style="text-align:justify; display:block;"><div>MMF Yellow Super Net Embroidered Saree With Blouse Piece </div></div></div> </div>,,16:04:2014,
423233,murli manohar fashions pink net sarees,http://www.yebhi.com/online-shopping/women/dress-materials/sarees/salwar-kameez-set/kurta-kurtis/leggings-and-jeggings.html?affint=women-topmenu,1689,Traditional-Ethnic,kurta-kurtis,murli-manohar-fashions,http://im6.ybndc.com/upload/423233/ProductRear635225566976779170.jpg,2599,,Women,http://www.yebhi.com/423233/PD/murli-manohar-fashions-pink-net-sarees.htm,yebhi.com,Murli Manohar Fashions Pink Net - Sarees Buy Online,Murli Manohar Fashions Pink Net - Sarees  Best Price Rs 1689.00 Best Discount 35% Off EMI Rs 282 for 6 months FREE Shipping in 2 Days,None,<div class="product_detail_columns tinyscrl" itemprop="description" style=""><div class="scrollbar" style="width:2px; height:250px; background:#9E9E9E;"><div class="track" style="width:2px;"><div class="thumb" style="width:6px;"><div class="end"> </div></div></div></div><div class="viewport" style=" height:250px; width:252px; font-family:Arial !important;"><div class="overview" style="text-align:justify; display:block;"><div>MMF Pink Super Net Embroidered Saree With Blouse Piece </div></div></div> </div>,,16:04:2014,
423241,murli manohar fashions purple net sarees,http://www.yebhi.com/online-shopping/women/dress-materials/sarees/salwar-kameez-set/kurta-kurtis/leggings-and-jeggings.html?affint=women-topmenu,1689,Traditional-Ethnic,kurta-kurtis,murli-manohar-fashions,http://im6.ybndc.com/upload/423241/ProductRear635229631066021540.jpg,2599,,Women,http://www.yebhi.com/423241/PD/murli-manohar-fashions-purple-net-sarees.htm,yebhi.com,Murli Manohar Fashions Purple Net - Sarees Buy Online,Murli Manohar Fashions Purple Net - Sarees  Best Price Rs 1689.00 Best Discount 35% Off EMI Rs 282 for 6 months FREE Shipping in 2 Days,None,<div class="product_detail_columns tinyscrl" itemprop="description" style=""><div class="scrollbar" style="width:2px; height:250px; background:#9E9E9E;"><div class="track" style="width:2px;"><div class="thumb" style="width:6px;"><div class="end"> </div></div></div></div><div class="viewport" style=" height:250px; width:252px; font-family:Arial !important;"><div class="overview" style="text-align:justify; display:block;"><div>MMF Purple Super Net Embroidered Saree With Blouse Piece </div></div></div> </div>,,16:04:2014,
423235,murli manohar fashions red net sarees,http://www.yebhi.com/online-shopping/women/dress-materials/sarees/salwar-kameez-set/kurta-kurtis/leggings-and-jeggings.html?affint=women-topmenu,1689,Traditional-Ethnic,kurta-kurtis,murli-manohar-fashions,http://im6.ybndc.com/upload/423235/ProductRear635229630785531742.jpg,2599,,Women,http://www.yebhi.com/423235/PD/murli-manohar-fashions-red-net-sarees.htm,yebhi.com,Murli Manohar Fashions Red Net - Sarees Buy Online,Murli Manohar Fashions Red Net - Sarees  Best Price Rs 1689.00 Best Discount 35% Off EMI Rs 282 for 6 months FREE Shipping in 2 Days,None,<div class="product_detail_columns tinyscrl" itemprop="description" style=""><div class="scrollbar" style="width:2px; height:250px; background:#9E9E9E;"><div class="track" style="width:2px;"><div class="thumb" style="width:6px;"><div class="end"> </div></div></div></div><div class="viewport" style=" height:250px; width:252px; font-family:Arial !important;"><div class="overview" style="text-align:justify; display:block;"><div>MMF Red Super Net Embroidered Saree With Blouse Piece </div></div></div> </div>,,16:04:2014,
423227,murli manohar fashions purple net sarees,http://www.yebhi.com/online-shopping/women/dress-materials/sarees/salwar-kameez-set/kurta-kurtis/leggings-and-jeggings.html?affint=women-topmenu,1689,Traditional-Ethnic,kurta-kurtis,murli-manohar-fashions,http://im6.ybndc.com/upload/423227/ProductRear635225566319858959.jpg,2599,,Women,http://www.yebhi.com/423227/PD/murli-manohar-fashions-purple-net-sarees.htm,yebhi.com,Murli Manohar Fashions Purple Net - Sarees Buy Online,Murli Manohar Fashions Purple Net - Sarees  Best Price Rs 1689.00 Best Discount 35% Off EMI Rs 282 for 6 months FREE Shipping in 2 Days,None,<div class="product_detail_columns tinyscrl" itemprop="description" style=""><div class="scrollbar" style="width:2px; height:250px; background:#9E9E9E;"><div class="track" style="width:2px;"><div class="thumb" style="width:6px;"><div class="end"> </div></div></div></div><div class="viewport" style=" height:250px; width:252px; font-family:Arial !important;"><div class="overview" style="text-align:justify; display:block;"><div>MMF Pink Super Net Embroidered Saree With Blouse Piece </div></div></div> </div>,,16:04:2014,
423239,murli manohar fashions blue net sarees,http://www.yebhi.com/online-shopping/women/dress-materials/sarees/salwar-kameez-set/kurta-kurtis/leggings-and-jeggings.html?affint=women-topmenu,1689,Traditional-Ethnic,kurta-kurtis,murli-manohar-fashions,http://im6.ybndc.com/upload/423239/ProductRear635225570080575066.jpg,2599,,Women,http://www.yebhi.com/423239/PD/murli-manohar-fashions-blue-net-sarees.htm,yebhi.com,Murli Manohar Fashions Blue Net - Sarees Buy Online,Murli Manohar Fashions Blue Net - Sarees  Best Price Rs 1689.00 Best Discount 35% Off EMI Rs 282 for 6 months FREE Shipping in 2 Days,None,<div class="product_detail_columns tinyscrl" itemprop="description" style=""><div class="scrollbar" style="width:2px; height:250px; background:#9E9E9E;"><div class="track" style="width:2px;"><div class="thumb" style="width:6px;"><div class="end"> </div></div></div></div><div class="viewport" style=" height:250px; width:252px; font-family:Arial !important;"><div class="overview" style="text-align:justify; display:block;"><div>MMF Blue Super Net Embroidered Saree With Blouse Piece </div></div></div> </div>,,16:04:2014,
423237,murli manohar fashions yellow net sarees,http://www.yebhi.com/online-shopping/women/dress-materials/sarees/salwar-kameez-set/kurta-kurtis/leggings-and-jeggings.html?affint=women-topmenu,1689,Traditional-Ethnic,kurta-kurtis,murli-manohar-fashions,http://im6.ybndc.com/upload/423237/ProductRear635225589859161851.jpg,2599,,Women,http://www.yebhi.com/423237/PD/murli-manohar-fashions-yellow-net-sarees.htm,yebhi.com,Murli Manohar Fashions Yellow Net - Sarees Buy Online,Murli Manohar Fashions Yellow Net - Sarees  Best Price Rs 1689.00 Best Discount 35% Off EMI Rs 282 for 6 months FREE Shipping in 2 Days,None,<div class="product_detail_columns tinyscrl" itemprop="description" style=""><div class="scrollbar" style="width:2px; height:250px; background:#9E9E9E;"><div class="track" style="width:2px;"><div class="thumb" style="width:6px;"><div class="end"> </div></div></div></div><div class="viewport" style=" height:250px; width:252px; font-family:Arial !important;"><div class="overview" style="text-align:justify; display:block;"><div>MMF Yellow Super Net Embroidered Saree With Blouse Piece </div></div></div> </div>,,16:04:2014,
423229,murli manohar fashions pink net sarees,http://www.yebhi.com/online-shopping/women/dress-materials/sarees/salwar-kameez-set/kurta-kurtis/leggings-and-jeggings.html?affint=women-topmenu,1689,Traditional-Ethnic,kurta-kurtis,murli-manohar-fashions,http://im6.ybndc.com/upload/423229/ProductRear635225566657133121.jpg,2599,,Women,http://www.yebhi.com/423229/PD/murli-manohar-fashions-pink-net-sarees.htm,yebhi.com,Murli Manohar Fashions Pink Net - Sarees Buy Online,Murli Manohar Fashions Pink Net - Sarees  Best Price Rs 1689.00 Best Discount 35% Off EMI Rs 282 for 6 months FREE Shipping in 2 Days,None,<div class="product_detail_columns tinyscrl" itemprop="description" style=""><div class="scrollbar" style="width:2px; height:250px; background:#9E9E9E;"><div class="track" style="width:2px;"><div class="thumb" style="width:6px;"><div class="end"> </div></div></div></div><div class="viewport" style=" height:250px; width:252px; font-family:Arial !important;"><div class="overview" style="text-align:justify; display:block;"><div>MMF Pink Super Net Embroidered Saree With Blouse Piece </div></div></div> </div>,,16:04:2014,
423234,murli manohar fashions yellow net sarees,http://www.yebhi.com/online-shopping/women/dress-materials/sarees/salwar-kameez-set/kurta-kurtis/leggings-and-jeggings.html?affint=women-topmenu,1689,Traditional-Ethnic,kurta-kurtis,murli-manohar-fashions,http://im6.ybndc.com/upload/423234/ProductRear635229630483513806.jpg,2599,,Women,http://www.yebhi.com/423234/PD/murli-manohar-fashions-yellow-net-sarees.htm,yebhi.com,Murli Manohar Fashions Yellow Net - Sarees Buy Online,Murli Manohar Fashions Yellow Net - Sarees  Best Price Rs 1689.00 Best Discount 35% Off EMI Rs 282 for 6 months FREE Shipping in 2 Days,None,<div class="product_detail_columns tinyscrl" itemprop="description" style=""><div class="scrollbar" style="width:2px; height:250px; background:#9E9E9E;"><div class="track" style="width:2px;"><div class="thumb" style="width:6px;"><div class="end"> </div></div></div></div><div class="viewport" style=" height:250px; width:252px; font-family:Arial !important;"><div class="overview" style="text-align:justify; display:block;"><div>MMF Yellow Super Net Embroidered Saree With Blouse Piece </div></div></div> </div>,,16:04:2014,
423240,murli manohar fashions blue net sarees,http://www.yebhi.com/online-shopping/women/dress-materials/sarees/salwar-kameez-set/kurta-kurtis/leggings-and-jeggings.html?affint=women-topmenu,1689,Traditional-Ethnic,kurta-kurtis,murli-manohar-fashions,http://im6.ybndc.com/upload/423240/ProductRear635225567820588579.jpg,2599,,Women,http://www.yebhi.com/423240/PD/murli-manohar-fashions-blue-net-sarees.htm,yebhi.com,Murli Manohar Fashions Blue Net - Sarees Buy Online,Murli Manohar Fashions Blue Net - Sarees  Best Price Rs 1689.00 Best Discount 35% Off EMI Rs 282 for 6 months FREE Shipping in 2 Days,None,<div class="product_detail_columns tinyscrl" itemprop="description" style=""><div class="scrollbar" style="width:2px; height:250px; background:#9E9E9E;"><div class="track" style="width:2px;"><div class="thumb" style="width:6px;"><div class="end"> </div></div></div></div><div class="viewport" style=" height:250px; width:252px; font-family:Arial !important;"><div class="overview" style="text-align:justify; display:block;"><div>MMF Blue Super Net Embroidered Saree With Blouse Piece </div></div></div> </div>,,16:04:2014,
423236,murli manohar fashions green net sarees,http://www.yebhi.com/online-shopping/women/dress-materials/sarees/salwar-kameez-set/kurta-kurtis/leggings-and-jeggings.html?affint=women-topmenu,1689,Traditional-Ethnic,kurta-kurtis,murli-manohar-fashions,http://im6.ybndc.com/upload/423236/ProductRear635225568554573284.jpg,2599,,Women,http://www.yebhi.com/423236/PD/murli-manohar-fashions-green-net-sarees.htm,yebhi.com,Murli Manohar Fashions Green Net - Sarees Buy Online,Murli Manohar Fashions Green Net - Sarees  Best Price Rs 1689.00 Best Discount 35% Off EMI Rs 282 for 6 months FREE Shipping in 2 Days,None,<div class="product_detail_columns tinyscrl" itemprop="description" style=""><div class="scrollbar" style="width:2px; height:250px; background:#9E9E9E;"><div class="track" style="width:2px;"><div class="thumb" style="width:6px;"><div class="end"> </div></div></div></div><div class="viewport" style=" height:250px; width:252px; font-family:Arial !important;"><div class="overview" style="text-align:justify; display:block;"><div>MMF Green Super Net Embroidered Saree With Blouse Piece </div></div></div> </div>,,16:04:2014,
423242,murli manohar fashions green net sarees,http://www.yebhi.com/online-shopping/women/dress-materials/sarees/salwar-kameez-set/kurta-kurtis/leggings-and-jeggings.html?affint=women-topmenu,1689,Traditional-Ethnic,kurta-kurtis,murli-manohar-fashions,http://im6.ybndc.com/upload/423242/ProductRear635225591184702348.jpg,2599,,Women,http://www.yebhi.com/423242/PD/murli-manohar-fashions-green-net-sarees.htm,yebhi.com,Murli Manohar Fashions Green Net - Sarees Buy Online,Murli Manohar Fashions Green Net - Sarees  Best Price Rs 1689.00 Best Discount 35% Off EMI Rs 282 for 6 months FREE Shipping in 2 Days,None,<div class="product_detail_columns tinyscrl" itemprop="description" style=""><div class="scrollbar" style="width:2px; height:250px; background:#9E9E9E;"><div class="track" style="width:2px;"><div class="thumb" style="width:6px;"><div class="end"> </div></div></div></div><div class="viewport" style=" height:250px; width:252px; font-family:Arial !important;"><div class="overview" style="text-align:justify; display:block;"><div>MMF Green Super Net Embroidered Saree With Blouse Piece </div></div></div> </div>,,16:04:2014,
423231,murli manohar fashions red net sarees,http://www.yebhi.com/online-shopping/women/dress-materials/sarees/salwar-kameez-set/kurta-kurtis/leggings-and-jeggings.html?affint=women-topmenu,1689,Traditional-Ethnic,kurta-kurtis,murli-manohar-fashions,http://im6.ybndc.com/upload/423231/ProductRear635225567221388738.jpg,2599,,Women,http://www.yebhi.com/423231/PD/murli-manohar-fashions-red-net-sarees.htm,yebhi.com,Murli Manohar Fashions Red Net - Sarees Buy Online,Murli Manohar Fashions Red Net - Sarees  Best Price Rs 1689.00 Best Discount 35% Off EMI Rs 282 for 6 months FREE Shipping in 2 Days,None,<div class="product_detail_columns tinyscrl" itemprop="description" style=""><div class="scrollbar" style="width:2px; height:250px; background:#9E9E9E;"><div class="track" style="width:2px;"><div class="thumb" style="width:6px;"><div class="end"> </div></div></div></div><div class="viewport" style=" height:250px; width:252px; font-family:Arial !important;"><div class="overview" style="text-align:justify; display:block;"><div>MMF Red Super Net Embroidered Saree With Blouse Piece </div></div></div> </div>,,16:04:2014,
423238,murli manohar fashions red net sarees,http://www.yebhi.com/online-shopping/women/dress-materials/sarees/salwar-kameez-set/kurta-kurtis/leggings-and-jeggings.html?affint=women-topmenu,1689,Traditional-Ethnic,kurta-kurtis,murli-manohar-fashions,http://im6.ybndc.com/upload/423238/ProductRear635225567524966684.jpg,2599,,Women,http://www.yebhi.com/423238/PD/murli-manohar-fashions-red-net-sarees.htm,yebhi.com,Murli Manohar Fashions Red Net - Sarees Buy Online,Murli Manohar Fashions Red Net - Sarees  Best Price Rs 1689.00 Best Discount 35% Off EMI Rs 282 for 6 months FREE Shipping in 2 Days,None,<div class="product_detail_columns tinyscrl" itemprop="description" style=""><div class="scrollbar" style="width:2px; height:250px; background:#9E9E9E;"><div class="track" style="width:2px;"><div class="thumb" style="width:6px;"><div class="end"> </div></div></div></div><div class="viewport" style=" height:250px; width:252px; font-family:Arial !important;"><div class="overview" style="text-align:justify; display:block;"><div>MMF Red Super Net Embroidered Saree With Blouse Piece </div></div></div> </div>,,16:04:2014,
423230,murli manohar fashions red net sarees,http://www.yebhi.com/online-shopping/women/dress-materials/sarees/salwar-kameez-set/kurta-kurtis/leggings-and-jeggings.html?affint=women-topmenu,1689,Traditional-Ethnic,kurta-kurtis,murli-manohar-fashions,http://im6.ybndc.com/upload/423230/ProductRear635225566962583079.jpg,2599,,Women,http://www.yebhi.com/423230/PD/murli-manohar-fashions-red-net-sarees.htm,yebhi.com,Murli Manohar Fashions Red Net - Sarees Buy Online,Murli Manohar Fashions Red Net - Sarees  Best Price Rs 1689.00 Best Discount 35% Off EMI Rs 282 for 6 months FREE Shipping in 2 Days,None,<div class="product_detail_columns tinyscrl" itemprop="description" style=""><div class="scrollbar" style="width:2px; height:250px; background:#9E9E9E;"><div class="track" style="width:2px;"><div class="thumb" style="width:6px;"><div class="end"> </div></div></div></div><div class="viewport" style=" height:250px; width:252px; font-family:Arial !important;"><div class="overview" style="text-align:justify; display:block;"><div>MMF Red Super Net Embroidered Saree With Blouse Piece </div></div></div> </div>,,16:04:2014,
423243,murli manohar fashions pink net sarees,http://www.yebhi.com/online-shopping/women/dress-materials/sarees/salwar-kameez-set/kurta-kurtis/leggings-and-jeggings.html?affint=women-topmenu,1689,Traditional-Ethnic,kurta-kurtis,murli-manohar-fashions,http://im6.ybndc.com/upload/423243/ProductRear635225571289894818.jpg,2599,,Women,http://www.yebhi.com/423243/PD/murli-manohar-fashions-pink-net-sarees.htm,yebhi.com,Murli Manohar Fashions Pink Net - Sarees Buy Online,Murli Manohar Fashions Pink Net - Sarees  Best Price Rs 1689.00 Best Discount 35% Off EMI Rs 282 for 6 months FREE Shipping in 2 Days,None,<div class="product_detail_columns tinyscrl" itemprop="description" style=""><div class="scrollbar" style="width:2px; height:250px; background:#9E9E9E;"><div class="track" style="width:2px;"><div class="thumb" style="width:6px;"><div class="end"> </div></div></div></div><div class="viewport" style=" height:250px; width:252px; font-family:Arial !important;"><div class="overview" style="text-align:justify; display:block;"><div>MMF Pink Super Net Embroidered Saree With Blouse Piece </div></div></div> </div>,,16:04:2014,
423244,murli manohar fashions green net sarees,http://www.yebhi.com/online-shopping/women/dress-materials/sarees/salwar-kameez-set/kurta-kurtis/leggings-and-jeggings.html?affint=women-topmenu,1689,Traditional-Ethnic,kurta-kurtis,murli-manohar-fashions,http://im6.ybndc.com/upload/423244/ProductRear635225568122294513.jpg,2599,,Women,http://www.yebhi.com/423244/PD/murli-manohar-fashions-green-net-sarees.htm,yebhi.com,Murli Manohar Fashions Green Net - Sarees Buy Online,Murli Manohar Fashions Green Net - Sarees  Best Price Rs 1689.00 Best Discount 35% Off EMI Rs 282 for 6 months FREE Shipping in 2 Days,None,<div class="product_detail_columns tinyscrl" itemprop="description" style=""><div class="scrollbar" style="width:2px; height:250px; background:#9E9E9E;"><div class="track" style="width:2px;"><div class="thumb" style="width:6px;"><div class="end"> </div></div></div></div><div class="viewport" style=" height:250px; width:252px; font-family:Arial !important;"><div class="overview" style="text-align:justify; display:block;"><div>MMF Green Super Net Embroidered Saree With Blouse Piece </div></div></div> </div>,,16:04:2014,
